Title,Year,Url,Genre,Director,Actors
Les Évadés,1994,https://imdb.com/title/tt0111161/,Drama,Frank Darabont,"['Tim Robbins', 'Morgan Freeman', 'Bob Gunton', 'William Sadler', 'Clancy Brown', 'Gil Bellows', 'Mark Rolston', 'James Whitmore', 'Jeffrey DeMunn', 'Larry Brandenburg', 'Neil Giuntoli', 'Brian Libby', 'David Proval', 'Joseph Ragno', 'Jude Ciccolella', 'Paul McCrane', 'Renee Blaine', 'Scott Mann']"
Le Parrain,1972,https://imdb.com/title/tt0068646/,Drama,Francis Ford Coppola,"['Marlon Brando', 'Al Pacino', 'James Caan', 'Diane Keaton', 'Richard S. Castellano', 'Robert Duvall', 'Sterling Hayden', 'John Marley', 'Richard Conte', 'Al Lettieri', 'Abe Vigoda', 'Talia Shire', 'Gianni Russo', 'John Cazale', 'Rudy Bond', 'Al Martino', 'Morgana King', 'Lenny Montana']"
The Dark Knight : Le Chevalier noir,2008,https://imdb.com/title/tt0468569/,Drama,Christopher Nolan,"['Christian Bale', 'Heath Ledger', 'Aaron Eckhart', 'Michael Caine', 'Maggie Gyllenhaal', 'Gary Oldman', 'Morgan Freeman', 'Monique Gabriela Curnen', 'Ron Dean', 'Cillian Murphy', 'Chin Han', 'Nestor Carbonell', 'Eric Roberts', 'Ritchie Coster', 'Anthony Michael Hall', 'Keith Szarabajka', 'Colin McFarlane', 'Joshua Harto']"
"Le Parrain, 2ᵉ partie",1974,https://imdb.com/title/tt0071562/,Drama,Francis Ford Coppola,"['Al Pacino', 'Robert De Niro', 'Robert Duvall', 'Diane Keaton', 'John Cazale', 'Talia Shire', 'Lee Strasberg', 'Michael V. Gazzo', 'G.D. Spradlin', 'Richard Bright', 'Gastone Moschin', 'Tom Rosqui', 'Bruno Kirby', 'Frank Sivero', 'Francesca De Sapio', 'Morgana King', 'Marianna Hill', 'Leopoldo Trieste']"
12 Hommes en colère,1957,https://imdb.com/title/tt0050083/,Drama,Sidney Lumet,"['Henry Fonda', 'Lee J. Cobb', 'Martin Balsam', 'John Fiedler', 'E.G. Marshall', 'Jack Klugman', 'Edward Binns', 'Jack Warden', 'Joseph Sweeney', 'Ed Begley', 'George Voskovec', 'Robert Webber', 'Rudy Bond', 'Tom Gorman', 'James Kelly', 'Billy Nelson', 'John Savoca', 'Walter Stocker']"
La liste de Schindler,1993,https://imdb.com/title/tt0108052/,History,Steven Spielberg,"['Liam Neeson', 'Ralph Fiennes', 'Ben Kingsley', 'Caroline Goodall', 'Jonathan Sagall', 'Embeth Davidtz', 'Malgorzata Gebel', 'Shmuel Levy', 'Mark Ivanir', 'Béatrice Macola', 'Andrzej Seweryn', 'Friedrich von Thun', 'Krzysztof Luft', 'Harry Nehring', 'Norbert Weisser', 'Adi Nitzan', 'Michael Schneider', 'Miri Fabian']"
Le Seigneur des anneaux : Le Retour du roi,2003,https://imdb.com/title/tt0167260/,Drama,Peter Jackson,"['Elijah Wood', 'Viggo Mortensen', 'Ian McKellen', 'Orlando Bloom', 'Noel Appleby', 'Ali Astin', 'Sean Astin', 'David Aston', 'John Bach', 'Sean Bean', 'Cate Blanchett', 'Billy Boyd', 'Sadwyn Brophy', 'Alistair Browning', 'Marton Csokas', 'Richard Edge', 'Jason Fitch', 'Bernard Hill']"
Pulp Fiction,1994,https://imdb.com/title/tt0110912/,Drama,Quentin Tarantino,"['John Travolta', 'Uma Thurman', 'Samuel L. Jackson', 'Bruce Willis', 'Tim Roth', 'Amanda Plummer', 'Laura Lovelace', 'Phil LaMarr', 'Frank Whaley', 'Burr Steers', 'Ving Rhames', 'Paul Calderon', 'Bronagh Gallagher', 'Rosanna Arquette', 'Eric Stoltz', 'Jerome Patrick Hoban', 'Michael Gilden', 'Gary Shorelle']"
Le Seigneur des anneaux : La Communauté de l'anneau,2001,https://imdb.com/title/tt0120737/,Drama,Peter Jackson,"['Elijah Wood', 'Ian McKellen', 'Orlando Bloom', 'Sean Bean', 'Alan Howard', 'Noel Appleby', 'Sean Astin', 'Sala Baker', 'Billy Boyd', 'Andy Serkis', 'Marton Csokas', 'Viggo Mortensen', 'Megan Edwards', 'Michael Elsworth', 'Cate Blanchett', 'Mark Ferguson', 'Ian Holm', 'Christopher Lee']"
"Le Bon, la brute, le truand",1966,https://imdb.com/title/tt0060196/,Western,Sergio Leone,"['Clint Eastwood', 'Eli Wallach', 'Lee Van Cleef', 'Aldo Giuffrè', 'Luigi Pistilli', 'Rada Rassimov', 'Enzo Petito', 'Claudio Scarchilli', 'John Bartha', 'Livio Lorenzon', 'Antonio Casale', 'Sandro Scarchilli', 'Benito Stefanelli', 'Angelo Novi', 'Antonio Casas', 'Aldo Sambrell', 'Al Mulock', 'Sergio Mendizábal']"
Forrest Gump,1994,https://imdb.com/title/tt0109830/,Romance,Robert Zemeckis,"['Tom Hanks', 'Robin Wright', 'Gary Sinise', 'Sally Field', 'Rebecca Williams', 'Michael Conner Humphreys', 'Harold G. Herthum', 'George Kelly', 'Bob Penny', 'John Randall', 'Sam Anderson', 'Margo Moorer', 'Ione M. Telech', 'Christine Seabrook', 'John Worsham', 'Peter Dobson', 'Siobhan Fallon Hogan', 'Alexander Zemeckis']"
Fight Club,1999,https://imdb.com/title/tt0137523/,Drama,David Fincher,"['Brad Pitt', 'Edward Norton', 'Meat Loaf', 'Zach Grenier', 'Richmond Arquette', 'David Andrews', 'George Maguire', 'Eugenie Bondurant', 'Christina Cabot', 'Helena Bonham Carter', ""Sydney 'Big Dawg' Colston"", 'Rachel Singer', 'Christie Cronenweth', 'Tim DeZarn', 'Ezra Buzzington', 'Dierdre Downing-Jackson', 'Bob Stephenson', 'Charlie Dell']"
Inception,2010,https://imdb.com/title/tt1375666/,Sci-Fi,Christopher Nolan,"['Leonardo DiCaprio', 'Joseph Gordon-Levitt', 'Elliot Page', 'Ken Watanabe', 'Tom Hardy', 'Dileep Rao', 'Cillian Murphy', 'Tom Berenger', 'Marion Cotillard', 'Pete Postlethwaite', 'Michael Caine', 'Lukas Haas', 'Tai-Li Lee', 'Claire Geare', 'Magnus Nolan', 'Taylor Geare', 'Johnathan Geare', 'Tohoru Masamune']"
Le Seigneur des anneaux : Les Deux Tours,2002,https://imdb.com/title/tt0167261/,Drama,Peter Jackson,"['Elijah Wood', 'Ian McKellen', 'Viggo Mortensen', 'Orlando Bloom', 'Bruce Allpress', 'Sean Astin', 'John Bach', 'Sala Baker', 'Cate Blanchett', 'Billy Boyd', 'Jed Brophy', 'Sam Comery', 'Brad Dourif', 'Calum Gittins', 'Bernard Hill', 'Bruce Hopkins', 'Paris Howe Strewe', 'Christopher Lee']"
L'Empire contre-attaque,1980,https://imdb.com/title/tt0080684/,Fantasy,Irvin Kershner,"['Mark Hamill', 'Harrison Ford', 'Carrie Fisher', 'Billy Dee Williams', 'Anthony Daniels', 'David Prowse', 'Peter Mayhew', 'Kenny Baker', 'Frank Oz', 'Alec Guinness', 'Jeremy Bulloch', 'John Hollis', 'Jack Purvis', 'Des Webb', 'Clive Revill', 'Kenneth Colley', 'Julian Glover', 'Michael Sheard']"
Matrix,1999,https://imdb.com/title/tt0133093/,Sci-Fi,Lana WachowskiLilly Wachowski,"['Keanu Reeves', 'Laurence Fishburne', 'Carrie-Anne Moss', 'Hugo Weaving', 'Gloria Foster', 'Joe Pantoliano', 'Marcus Chong', 'Julian Arahanga', 'Matt Doran', 'Belinda McClory', 'Anthony Ray Parker', 'Paul Goddard', 'Robert Taylor', 'David Aston', 'Marc Aden Gray', 'Ada Nicodemou', 'Deni Gordon', 'Rowan Witt']"
Les affranchis,1990,https://imdb.com/title/tt0099685/,Drama,Martin Scorsese,"['Robert De Niro', 'Ray Liotta', 'Joe Pesci', 'Lorraine Bracco', 'Paul Sorvino', 'Frank Sivero', 'Tony Darrow', 'Mike Starr', 'Frank Vincent', 'Chuck Low', 'Frank DiLeo', 'Henny Youngman', 'Gina Mastrogiacomo', 'Catherine Scorsese', 'Charles Scorsese', 'Suzanne Shepherd', 'Debi Mazar', 'Margo Winkler']"
Vol au-dessus d'un nid de coucou,1975,https://imdb.com/title/tt0073486/,Drama,Milos Forman,"['Jack Nicholson', 'Louise Fletcher', 'Michael Berryman', 'Peter Brocco', 'Dean R. Brooks', 'Alonzo Brown', 'Scatman Crothers', 'Mwako Cumbuka', 'Danny DeVito', 'William Duell', 'Josip Elic', 'Lan Fendors', 'Nathan George', 'Ken Kenny', 'Mel Lambert', 'Sydney Lassick', 'Kay Lee', 'Christopher Lloyd']"
Seven,1995,https://imdb.com/title/tt0114369/,Mystery,David Fincher,"['Morgan Freeman', 'Brad Pitt', 'Kevin Spacey', 'Andrew Kevin Walker', 'Daniel Zacapa', 'Gwyneth Paltrow', 'John Cassini', 'Bob Mack', 'Peter Crombie', 'Reg E. Cathey', 'R. Lee Ermey', 'George Christy', 'Endre Hules', 'Hawthorne James', 'William Davidson', 'Bob Collins', 'Jimmy Dale Hartsell', 'Richard Roundtree']"
Les 7 Samouraïs,1954,https://imdb.com/title/tt0047478/,Drama,Akira Kurosawa,"['Toshirô Mifune', 'Takashi Shimura', 'Keiko Tsushima', 'Yukiko Shimazaki', 'Kamatari Fujiwara', 'Daisuke Katô', 'Isao Kimura', 'Minoru Chiaki', 'Seiji Miyaguchi', 'Yoshio Kosugi', 'Bokuzen Hidari', 'Yoshio Inaba', 'Yoshio Tsuchiya', 'Kokuten Kôdô', 'Eijirô Tôno', 'Kichijirô Ueda', 'Jun Tatara', 'Atsushi Watanabe']"
La vie est belle,1946,https://imdb.com/title/tt0038650/,Fantasy,Frank Capra,"['James Stewart', 'Donna Reed', 'Lionel Barrymore', 'Thomas Mitchell', 'Henry Travers', 'Beulah Bondi', 'Frank Faylen', 'Ward Bond', 'Gloria Grahame', 'H.B. Warner', 'Frank Albertson', 'Todd Karns', 'Samuel S. Hinds', 'Mary Treen', 'Virginia Patton', 'Charles Williams', 'Sarah Edwards', 'William Edmunds']"
Le Silence des agneaux,1991,https://imdb.com/title/tt0102926/,Thriller,Jonathan Demme,"['Jodie Foster', 'Anthony Hopkins', 'Lawrence A. Bonney', 'Kasi Lemmons', 'Lawrence T. Wrentz', 'Scott Glenn', 'Anthony Heald', 'Frankie Faison', 'Don Brockett', 'Frank Seals Jr.', 'Stuart Rudin', 'Maria Skorobogatov', 'Jeffrie Lane', 'Leib Lensky', ""George 'Red' Schwartz"", 'Jim Roche', 'Brooke Smith', 'Ted Levine']"
La cité de Dieu,2002,https://imdb.com/title/tt0317248/,Drama,Fernando MeirellesKátia Lund,"['Alexandre Rodrigues', 'Leandro Firmino', 'Matheus Nachtergaele', 'Phellipe Haagensen', 'Douglas Silva', 'Jonathan Haagensen', 'Seu Jorge', 'Jefechander Suplino', 'Alice Braga', 'Emerson Gomes', 'Edson Oliveira', 'Michel Gomes', 'Roberta Rodrigues', 'Luis Otávio', 'Kiko Marques', 'Gustavo Engrácia', 'Darlan Cunha', 'Robson Rocha']"
Il faut sauver le soldat Ryan,1998,https://imdb.com/title/tt0120815/,War,Steven Spielberg,"['Tom Hanks', 'Matt Damon', 'Tom Sizemore', 'Edward Burns', 'Barry Pepper', 'Adam Goldberg', 'Vin Diesel', 'Giovanni Ribisi', 'Jeremy Davies', 'Ted Danson', 'Paul Giamatti', 'Dennis Farina', 'Joerg Stadler', 'Max Martini', 'Dylan Bruno', 'Daniel Cerqueira', 'Demetri Goritsas', 'Ian Porter']"
La vie est belle,1997,https://imdb.com/title/tt0118799/,Romance,Roberto Benigni,"['Roberto Benigni', 'Nicoletta Braschi', 'Giorgio Cantarini', 'Giustino Durano', 'Sergio Bini Bustric', 'Marisa Paredes', 'Horst Buchholz', 'Lidia Alfonsi', 'Giuliana Lojodice', 'Amerigo Fontani', 'Pietro De Silva', 'Francesco Guzzo', 'Raffaella Lebboroni', 'Claudio Alfonsi', 'Gil Baroni', 'Massimo Bianchi', 'Jürgen Bohn', 'Verena Buratti']"
La ligne verte,1999,https://imdb.com/title/tt0120689/,Fantasy,Frank Darabont,"['Tom Hanks', 'Michael Clarke Duncan', 'David Morse', 'Bonnie Hunt', 'James Cromwell', 'Michael Jeter', 'Graham Greene', 'Doug Hutchison', 'Sam Rockwell', 'Barry Pepper', 'Jeffrey DeMunn', 'Patricia Clarkson', 'Harry Dean Stanton', 'Dabbs Greer', 'Eve Brent', 'William Sadler', 'Mack Miles', 'Rai Tasco']"
Interstellar,2014,https://imdb.com/title/tt0816692/,Sci-Fi,Christopher Nolan,"['Matthew McConaughey', 'Anne Hathaway', 'Jessica Chastain', 'Mackenzie Foy', 'Ellen Burstyn', 'John Lithgow', 'Timothée Chalamet', 'David Oyelowo', 'Collette Wolfe', 'Francis X. McCarthy', 'Bill Irwin', 'Andrew Borba', 'Wes Bentley', 'William Devane', 'Michael Caine', 'David Gyasi', 'Josh Stewart', 'Casey Affleck']"
La guerre des étoiles,1977,https://imdb.com/title/tt0076759/,Fantasy,George Lucas,"['Mark Hamill', 'Harrison Ford', 'Carrie Fisher', 'Alec Guinness', 'Peter Cushing', 'Anthony Daniels', 'Kenny Baker', 'Peter Mayhew', 'David Prowse', 'Phil Brown', 'Shelagh Fraser', 'Jack Purvis', 'Alex McCrindle', 'Eddie Byrne', 'Drewe Henley', 'Denis Lawson', 'Garrick Hagon', 'Jack Klaff']"
Terminator 2 : Le jugement dernier,1991,https://imdb.com/title/tt0103064/,Sci-Fi,James Cameron,"['Arnold Schwarzenegger', 'Linda Hamilton', 'Edward Furlong', 'Robert Patrick', 'Earl Boen', 'Joe Morton', 'S. Epatha Merkerson', 'Castulo Guerra', 'Danny Cooksey', 'Jenette Goldstein', 'Xander Berkeley', 'Leslie Hamilton Gearren', 'Ken Gibbel', 'Robert Winley', 'Peter Schrum', 'Shane Wilder', 'Michael Edwards', 'Jared Lounsbery']"
Retour vers le futur,1985,https://imdb.com/title/tt0088763/,Sci-Fi,Robert Zemeckis,"['Michael J. Fox', 'Christopher Lloyd', 'Lea Thompson', 'Crispin Glover', 'Tom Wilson', 'Claudia Wells', 'Marc McClure', 'Wendie Jo Sperber', 'George DiCenzo', 'Frances Lee McCain', 'James Tolkan', 'J.J. Cohen', 'Casey Siemaszko', 'Billy Zane', 'Harry Waters Jr.', 'Donald Fullilove', 'Lisa Freeman', 'Cristen Kauffman']"
Le voyage de Chihiro,2001,https://imdb.com/title/tt0245429/,Family,Hayao Miyazaki,"['Daveigh Chase', 'Suzanne Pleshette', 'Miyu Irino', 'Rumi Hiiragi', 'Mari Natsuki', 'Takashi Naitô', 'Yasuko Sawaguchi', 'Tatsuya Gashûin', 'Ryûnosuke Kamiki', 'Yumi Tamai', 'Yô Ôizumi', 'Koba Hayashi', 'Tsunehiko Kamijô', 'Takehiko Ono', 'Bunta Sugawara', 'Shigeru Wakita', 'Shirô Saitô', 'Michiko Yamamoto']"
Psychose,1960,https://imdb.com/title/tt0054215/,Thriller,Alfred Hitchcock,"['Anthony Perkins', 'Janet Leigh', 'Vera Miles', 'John Gavin', 'Martin Balsam', 'John McIntire', 'Simon Oakland', 'Frank Albertson', 'Patricia Hitchcock', 'Vaughn Taylor', 'Lurene Tuttle', 'John Anderson', 'Mort Mills', 'Fletcher Allen', 'Walter Bacon', 'Prudence Beers', 'Kit Carson', 'Francis De Sales']"
Le pianiste,2002,https://imdb.com/title/tt0253474/,Music,Roman Polanski,"['Adrien Brody', 'Thomas Kretschmann', 'Frank Finlay', 'Emilia Fox', 'Michal Zebrowski', 'Ed Stoppard', 'Maureen Lipman', 'Jessica Kate Meyer', 'Julia Rayner', 'Wanja Mues', 'Richard Ridings', 'Nomi Sharron', 'Anthony Milner', 'Lucy Skeaping', 'Roddy Skeaping', 'Ben Harlan', 'Thomas Lawinky', 'Joachim Paul Assböck']"
Léon,1994,https://imdb.com/title/tt0110413/,Drama,Luc Besson,"['Jean Reno', 'Gary Oldman', 'Natalie Portman', 'Danny Aiello', 'Peter Appel', 'Willi One Blood', 'Don Creech', 'Keith A. Glascoe', 'Randolph Scott', 'Michael Badalucco', 'Ellen Greene', 'Elizabeth Regen', 'Carl J. Matusovich', 'Frank Senger', 'Lucius Wyatt Cherokee', 'Eric Challier', 'Luc Bernard', 'Maïwenn']"
Parasite,2019,https://imdb.com/title/tt6751668/,Thriller,Bong Joon Ho,"['Song Kang-ho', 'Sun-kyun Lee', 'Cho Yeo-jeong', 'Choi Woo-sik', 'So-dam Park', 'Lee Jeong-eun', 'Jang Hye-jin', 'Park Myeong-hoon', 'Ji-so Jung', 'Hyun-jun Jung', 'Keun-rok Park', 'Yi-Seo Jung', 'Jae-myeong Jo', 'Ik-han Jung', 'Kyu-baek Kim', 'Hwang In Kyung', 'Ahn Seong-Bong', 'Kim Jin Hyung']"
Le Roi Lion,1994,https://imdb.com/title/tt0110357/,Drama,Roger AllersRob Minkoff,"['Matthew Broderick', 'Jeremy Irons', 'James Earl Jones', 'Whoopi Goldberg', 'Rowan Atkinson', 'Niketa Calame-Harris', 'Jim Cummings', 'Robert Guillaume', 'Moira Kelly', 'Nathan Lane', 'Zoe Leader', 'Cheech Marin', 'Ernie Sabella', 'Madge Sinclair', 'Jonathan Taylor Thomas', 'Frank Welker', 'Cathy Cavadini', 'Judi M. Durand']"
Gladiator,2000,https://imdb.com/title/tt0172495/,Drama,Ridley Scott,"['Russell Crowe', 'Joaquin Phoenix', 'Connie Nielsen', 'Oliver Reed', 'Richard Harris', 'Derek Jacobi', 'Djimon Hounsou', 'David Schofield', 'John Shrapnel', 'Tomas Arana', 'Ralf Moeller', 'Spencer Treat Clark', 'David Hemmings', 'Tommy Flanagan', 'Sven-Ole Thorsen', 'Omid Djalili', 'Nicholas McGaughey', 'Chris Kell']"
American History X,1998,https://imdb.com/title/tt0120586/,Drama,Tony Kaye,"['Edward Norton', 'Edward Furlong', ""Beverly D'Angelo"", 'Jennifer Lien', 'Ethan Suplee', 'Fairuza Balk', 'Avery Brooks', 'Elliott Gould', 'Stacy Keach', 'William Russ', 'Guy Torry', 'Joe Cortese', 'Jason Bose Smith', 'Antonio David Lyons', 'Alex Sol', 'Keram Malicki-Sánchez', 'Giuseppe Andrews', 'Michelle Christine White']"
Usual Suspects,1995,https://imdb.com/title/tt0114814/,Mystery,Bryan Singer,"['Kevin Spacey', 'Gabriel Byrne', 'Chazz Palminteri', 'Stephen Baldwin', 'Benicio Del Toro', 'Kevin Pollak', 'Pete Postlethwaite', 'Suzy Amis', 'Giancarlo Esposito', 'Dan Hedaya', 'Paul Bartel', 'Carl Bressler', 'Phillipe Simon', 'Jack Shearer', 'Christine Estabrook', 'Clark Gregg', 'Morgan Hunter', 'Ken Daly']"
Les infiltrés,2006,https://imdb.com/title/tt0407887/,Thriller,Martin Scorsese,"['Leonardo DiCaprio', 'Matt Damon', 'Jack Nicholson', 'Mark Wahlberg', 'Martin Sheen', 'Ray Winstone', 'Vera Farmiga', 'Anthony Anderson', 'Alec Baldwin', 'Kevin Corrigan', 'James Badge Dale', ""David O'Hara"", 'Mark Rolston', 'Robert Wahlberg', 'Kristen Dalton', 'Thomas B. Duffy', 'Richard Hughes', 'J.C. MacKenzie']"
Le Prestige,2006,https://imdb.com/title/tt0482571/,Sci-Fi,Christopher Nolan,"['Christian Bale', 'Hugh Jackman', 'Scarlett Johansson', 'Michael Caine', 'Piper Perabo', 'Rebecca Hall', 'Samantha Mahurin', 'David Bowie', 'Andy Serkis', 'Daniel Davis', 'Jim Piddock', 'Christopher Neame', 'Mark Ryan', 'Roger Rees', 'Jamie Harris', 'Monty Stuart', 'Ron Perkins', 'Ricky Jay']"
Casablanca,1942,https://imdb.com/title/tt0034583/,War,Michael Curtiz,"['Humphrey Bogart', 'Ingrid Bergman', 'Paul Henreid', 'Claude Rains', 'Conrad Veidt', 'Sydney Greenstreet', 'Peter Lorre', 'S.Z. Sakall', 'Madeleine Lebeau', 'Dooley Wilson', 'Joy Page', 'John Qualen', 'Leonid Kinskey', 'Curt Bois', 'Abdullah Abbas', 'Enrique Acosta', 'Ed Agresti', 'Arnet Amos']"
Whiplash,2014,https://imdb.com/title/tt2582802/,Music,Damien Chazelle,"['Miles Teller', 'J.K. Simmons', 'Melissa Benoist', 'Paul Reiser', 'Austin Stowell', 'Nate Lang', 'Chris Mulkey', 'Damon Gupton', 'Suanne Spoke', 'Max Kasch', 'Charlie Ian', 'Jayson Blair', 'Kofi Siriboe', 'Kavita Patil', 'C.J. Vana', 'Tarik Lowe', 'Tyler Kimball', 'Rogelio Douglas Jr.']"
Top Gun: Maverick,2022,https://imdb.com/title/tt1745960/,Drama,Joseph Kosinski,"['Tom Cruise', 'Jennifer Connelly', 'Miles Teller', 'Val Kilmer', 'Bashir Salahuddin', 'Jon Hamm', 'Charles Parnell', 'Monica Barbaro', 'Lewis Pullman', 'Jay Ellis', 'Danny Ramirez', 'Glen Powell', 'Jack Schumacher', 'Manny Jacinto', 'Kara Wang', 'Greg Tarzan Davis', 'Jake Picking', 'Raymond Lee']"
Intouchables,2011,https://imdb.com/title/tt1675434/,Drama,Olivier NakacheÉric Toledano,"['François Cluzet', 'Omar Sy', 'Anne Le Ny', 'Audrey Fleurot', 'Joséphine de Meaux', 'Clotilde Mollet', 'Alba Gaïa Bellugi', 'Cyril Mendy', 'Salimata Kamate', 'Absa Diatou Toure', 'Grégoire Oestermann', 'Dominique Daguier', 'François Caron', 'Christian Ameri', 'Thomas Solivérès', 'Dorothée Brière', 'Marie-Laure Descoureaux', 'Émilie Caen']"
Les temps modernes,1936,https://imdb.com/title/tt0027977/,Romance,Charles Chaplin,"['Charles Chaplin', 'Paulette Goddard', 'Henry Bergman', 'Tiny Sandford', 'Chester Conklin', 'Hank Mann', 'Stanley Blystone', 'Al Ernest Garcia', 'Richard Alexander', 'Cecil Reynolds', 'Mira McKinney', 'Murdock MacQuarrie', 'Wilfred Lucas', 'Edward LeSaint', 'Fred Malatesta', 'Sammy Stein', 'Juana Sutton', 'Ted Oliver']"
Harakiri,1962,https://imdb.com/title/tt0056058/,Mystery,Masaki Kobayashi,"['Tatsuya Nakadai', 'Akira Ishihama', 'Shima Iwashita', 'Tetsurô Tanba', 'Masao Mishima', 'Ichirô Nakatani', 'Kei Satô', 'Yoshio Inaba', 'Hisashi Igawa', 'Tôru Takeuchi', 'Yoshirô Aoki', 'Tatsuo Matsumura', 'Akiji Kobayashi', 'Kôichi Hayashi', 'Ryûtarô Gomi', 'Jô Azumi', 'Nakajirô Tomita', 'Shichisaburô Amatsu']"
Le tombeau des lucioles,1988,https://imdb.com/title/tt0095327/,War,Isao Takahata,"['Tsutomu Tatsumi', 'Ayano Shiraishi', 'Akemi Yamaguchi', 'Yoshiko Shinohara', 'Kôzô Hashida', 'Masayo Sakai', 'Kazumi Nozaki', 'Yoshio Matsuoka', 'Masahiro Kanetake', 'Kiyoshi Yanagawa', 'Hajime Maki', 'Atsuo Omote', 'Teruhisa Harita', 'Hiroshi Tanaka', 'Michio Denpô', 'Shirô Tamaki', 'Tadashi Nakamura', 'Mika Sekita']"
Il était une fois dans l'Ouest,1968,https://imdb.com/title/tt0064116/,Western,Sergio Leone,"['Henry Fonda', 'Charles Bronson', 'Claudia Cardinale', 'Jason Robards', 'Gabriele Ferzetti', 'Paolo Stoppa', 'Woody Strode', 'Jack Elam', 'Keenan Wynn', 'Frank Wolff', 'Lionel Stander', 'Livio Andronico', 'Salvatore Basile', 'Aldo Berti', 'Joseph Bradley', 'Frank Braña', 'Marilù Carteny', 'Saturno Cerra']"
Fenêtre sur cour,1954,https://imdb.com/title/tt0047396/,Thriller,Alfred Hitchcock,"['James Stewart', 'Grace Kelly', 'Wendell Corey', 'Thelma Ritter', 'Raymond Burr', 'Judith Evelyn', 'Ross Bagdasarian', 'Georgine Darcy', 'Sara Berner', 'Frank Cady', 'Jesslyn Fax', 'Rand Harper', 'Irene Winston', 'Havis Davenport', 'Jerry Antes', 'Barbara Bailey', 'Benny Bartlett', 'Nick Borgani']"
Alien - Le 8ème passager,1979,https://imdb.com/title/tt0078748/,Sci-Fi,Ridley Scott,"['Sigourney Weaver', 'Tom Skerritt', 'John Hurt', 'Veronica Cartwright', 'Harry Dean Stanton', 'Ian Holm', 'Yaphet Kotto', 'Bolaji Badejo', 'Helen Horton', 'Eddie Powell']"
Les lumières de la ville,1931,https://imdb.com/title/tt0021749/,Romance,Charles Chaplin,"['Charles Chaplin', 'Virginia Cherrill', 'Florence Lee', 'Harry Myers', 'Al Ernest Garcia', 'Hank Mann', 'Johnny Aber', 'Jack Alexander', 'T.S. Alexander', 'Victor Alexander', 'Albert Austin', 'Harry Ayers', 'Eddie Baker', 'Henry Bergman', 'Edward Biby', 'Betty Blair', 'Buster Brodie', 'Jeanne Carpenter']"
Cinéma Paradiso,1988,https://imdb.com/title/tt0095765/,Romance,Giuseppe Tornatore,"['Philippe Noiret', 'Enzo Cannavale', 'Antonella Attili', 'Isa Danieli', 'Leo Gullotta', 'Marco Leonardi', 'Pupella Maggio', 'Agnese Nano', 'Leopoldo Trieste', 'Salvatore Cascio', 'Tano Cimarosa', 'Nicola Di Pinto', 'Roberta Lena', 'Nino Terzo', 'Jacques Perrin', 'Nellina Laganà', 'Turi Giuffrida', 'Mariella Lo Giudice']"
Memento,2000,https://imdb.com/title/tt0209144/,Thriller,Christopher Nolan,"['Guy Pearce', 'Carrie-Anne Moss', 'Joe Pantoliano', 'Mark Boone Junior', 'Russ Fega', 'Jorja Fox', 'Stephen Tobolowsky', 'Harriet Sansom Harris', 'Thomas Lennon', 'Callum Keith Rennie', 'Kimberly Campbell', 'Marianne Muellerleile', 'Larry Holden', 'Buzz Visconti']"
Apocalypse Now,1979,https://imdb.com/title/tt0078788/,War,Francis Ford Coppola,"['Martin Sheen', 'Marlon Brando', 'Robert Duvall', 'Frederic Forrest', 'Sam Bottoms', 'Laurence Fishburne', 'Albert Hall', 'Harrison Ford', 'Dennis Hopper', 'G.D. Spradlin', 'Jerry Ziesmer', 'Scott Glenn', 'Bo Byers', 'James Keane', 'Kerry Rossall', 'Ron McQueen', 'Tom Mason', 'Cynthia Wood']"
Les Aventuriers de l'arche perdue,1981,https://imdb.com/title/tt0082971/,Adventure,Steven Spielberg,"['Harrison Ford', 'Karen Allen', 'Paul Freeman', 'John Rhys-Davies', 'Ronald Lacey', 'Denholm Elliott', 'Alfred Molina', 'Wolf Kahler', 'Anthony Higgins', 'Vic Tablian', 'Don Fellows', 'William Hootkins', 'Bill Reimbold', 'Fred Sorenson', 'Patrick Durkin', 'Matthew Scurfield', 'Malcolm Weaver', 'Sonny Caldinez']"
Django Unchained,2012,https://imdb.com/title/tt1853728/,Western,Quentin Tarantino,"['Jamie Foxx', 'Christoph Waltz', 'Leonardo DiCaprio', 'Kerry Washington', 'Samuel L. Jackson', 'Walton Goggins', 'Dennis Christopher', 'James Remar', 'David Steen', 'Dana Gourrier', 'Nichole Galicia', 'Laura Cayouette', 'Ato Essandoh', 'Sammi Rotibi', 'Clay Donahue Fontenot', 'Escalante Lundy', 'Miriam F. Glover', 'Don Johnson']"
WALL·E,2008,https://imdb.com/title/tt0910970/,Family,Andrew Stanton,"['Ben Burtt', 'Elissa Knight', 'Jeff Garlin', 'Fred Willard', 'MacInTalk', 'John Ratzenberger', 'Kathy Najimy', 'Sigourney Weaver', 'Teddy Newton', 'Bob Bergen', 'John Cygan', 'Pete Docter', 'Paul Eiding', 'Donald Fullilove', 'Teresa Ganzel', 'Jess Harnell', 'Sherry Lynn', 'Mickie McGowan']"
La vie des autres,2006,https://imdb.com/title/tt0405094/,Thriller,Florian Henckel von Donnersmarck,"['Ulrich Mühe', 'Martina Gedeck', 'Sebastian Koch', 'Ulrich Tukur', 'Thomas Thieme', 'Hans-Uwe Bauer', 'Volkmar Kleinert', 'Matthias Brenner', 'Charly Hübner', 'Herbert Knaup', 'Bastian Trost', 'Marie Gruber', 'Volker Michalowski', 'Werner Daehn', 'Martin Brambach', 'Hubertus Hartmann', 'Thomas Arnold', 'Hinnerk Schönemann']"
Boulevard du Crépuscule,1950,https://imdb.com/title/tt0043014/,Film-Noir,Billy Wilder,"['William Holden', 'Gloria Swanson', 'Erich von Stroheim', 'Nancy Olson', 'Fred Clark', 'Lloyd Gough', 'Jack Webb', 'Franklyn Farnum', 'Larry J. Blake', 'Charles Dayton', 'Cecil B. DeMille', 'Hedda Hopper', 'Buster Keaton', 'Anna Q. Nilsson', 'H.B. Warner', 'Ray Evans', 'Jay Livingston', 'Fred Aldrich']"
Les sentiers de la gloire,1957,https://imdb.com/title/tt0050825/,War,Stanley Kubrick,"['Kirk Douglas', 'Ralph Meeker', 'Adolphe Menjou', 'George Macready', 'Wayne Morris', 'Richard Anderson', 'Joe Turkel', 'Christiane Kubrick', 'Jerry Hausner', 'Peter Capell', 'Emile Meyer', 'Bert Freed', 'Kem Dibbs', 'Timothy Carey', 'Fred Bell', 'John Stein', 'Harold Benedict', 'Leon Briggs']"
Shining,1980,https://imdb.com/title/tt0081505/,Horror,Stanley Kubrick,"['Jack Nicholson', 'Shelley Duvall', 'Danny Lloyd', 'Scatman Crothers', 'Barry Nelson', 'Philip Stone', 'Joe Turkel', 'Anne Jackson', 'Tony Burton', 'Lia Beldam', 'Billie Gibson', 'Barry Dennen', 'David Baxt', 'Manning Redwood', 'Lisa Burns', 'Louise Burns', 'Robin Pappas', 'Alison Coleridge']"
Le Dictateur,1940,https://imdb.com/title/tt0032553/,War,Charles Chaplin,"['Charles Chaplin', 'Paulette Goddard', 'Jack Oakie', 'Reginald Gardiner', 'Henry Daniell', 'Billy Gilbert', 'Grace Hayle', 'Carter DeHaven', 'Maurice Moscovitch', 'Emma Dunn', 'Bernard Gorcey', 'Paul Weigel', 'Chester Conklin', 'Esther Michelson', 'Hank Mann', 'Florence Wright', 'Eddie Gribbon', 'Rudolph Anders']"
Témoin à charge,1957,https://imdb.com/title/tt0051201/,Mystery,Billy Wilder,"['Tyrone Power', 'Marlene Dietrich', 'Charles Laughton', 'Elsa Lanchester', 'John Williams', 'Henry Daniell', 'Ian Wolfe', 'Torin Thatcher', 'Norma Varden', ""Una O'Connor"", 'Francis Compton', 'Philip Tonge', 'Ruta Lee', 'Patrick Aherne', 'Don Ames', 'Walter Bacon', 'Eddie Baker', 'Benjie Bancroft']"
Avengers: Infinity War,2018,https://imdb.com/title/tt4154756/,Sci-Fi,Anthony RussoJoe Russo,"['Robert Downey Jr.', 'Chris Hemsworth', 'Mark Ruffalo', 'Chris Evans', 'Scarlett Johansson', 'Don Cheadle', 'Benedict Cumberbatch', 'Tom Holland', 'Chadwick Boseman', 'Zoe Saldana', 'Karen Gillan', 'Tom Hiddleston', 'Paul Bettany', 'Elizabeth Olsen', 'Anthony Mackie', 'Sebastian Stan', 'Idris Elba', 'Danai Gurira']"
Aliens : Le Retour,1986,https://imdb.com/title/tt0090605/,Sci-Fi,James Cameron,"['Sigourney Weaver', 'Michael Biehn', 'Carrie Henn', 'Paul Reiser', 'Lance Henriksen', 'Bill Paxton', 'William Hope', 'Jenette Goldstein', 'Al Matthews', 'Mark Rolston', 'Ricco Ross', 'Colette Hiller', 'Daniel Kash', 'Cynthia Dale Scott', 'Tip Tipping', 'Trevor Steedman', 'Paul Maxwell', 'Valerie Colgan']"
American Beauty,1999,https://imdb.com/title/tt0169547/,Drama,Sam Mendes,"['Kevin Spacey', 'Annette Bening', 'Thora Birch', 'Wes Bentley', 'Mena Suvari', 'Peter Gallagher', 'Allison Janney', 'Chris Cooper', 'Scott Bakula', 'Sam Robards', 'Barry Del Sherman', 'Ara Celi', 'John Cho', 'Fort Atkinson', 'Sue Casey', 'Kent Faulcon', 'Brenda Wehle', 'Lisa Cloud']"
Dr. Folamour ou : Comment j'ai appris à ne plus m'en faire et à aimer la bombe !,1964,https://imdb.com/title/tt0057012/,War,Stanley Kubrick,"['Peter Sellers', 'George C. Scott', 'Sterling Hayden', 'Keenan Wynn', 'Slim Pickens', 'Peter Bull', 'James Earl Jones', 'Tracy Reed', 'Jack Creley', 'Frank Berry', ""Robert O'Neil"", 'Glenn Beck', 'Roy Stephens', 'Shane Rimmer', 'Hal Galili', 'Paul Tamarin', 'Laurence Herder', 'Gordon Tanner']"
Spider-Man: New Generation,2018,https://imdb.com/title/tt4633694/,Adventure,Bob PersichettiPeter RamseyRodney Rothman,"['Shameik Moore', 'Jake Johnson', 'Hailee Steinfeld', 'Mahershala Ali', 'Brian Tyree Henry', 'Lily Tomlin', 'Luna Lauren Velez', 'Zoë Kravitz', 'John Mulaney', 'Kimiko Glenn', 'Nicolas Cage', 'Kathryn Hahn', 'Liev Schreiber', 'Chris Pine', 'Natalie Morales', 'Edwin R. Habacon', 'Oscar Isaac', 'Greta Lee']"
The Dark Knight Rises,2012,https://imdb.com/title/tt1345836/,Drama,Christopher Nolan,"['Christian Bale', 'Tom Hardy', 'Anne Hathaway', 'Gary Oldman', 'Joseph Gordon-Levitt', 'Marion Cotillard', 'Morgan Freeman', 'Michael Caine', 'Matthew Modine', 'Alon Aboutboul', 'Ben Mendelsohn', 'Burn Gorman', 'Daniel Sunjata', 'Aidan Gillen', 'Sam Kennard', 'Aliash Tepina', 'Nestor Carbonell', 'Brett Cullen']"
Old Boy,2003,https://imdb.com/title/tt0364569/,Mystery,Park Chan-wook,"['Choi Min-sik', 'Yoo Ji-tae', 'Kang Hye-jeong', 'Kim Byeong-Ok', 'Dae-han Ji', 'Dal-su Oh', 'Seung-shin Lee', 'Jin-Seo Yoon', 'Tae-kyung Oh', 'Yoo Yeon-Seok', 'Il-han Oo', 'Young-hee Lee', 'Young-ae Kim', 'Mi Mi Lee', 'Jae-Duk Han', 'Jung Ae Kwak', 'San Kim', 'Chae-soo Jang']"
Joker,2019,https://imdb.com/title/tt7286456/,Thriller,Todd Phillips,"['Joaquin Phoenix', 'Robert De Niro', 'Zazie Beetz', 'Frances Conroy', 'Brett Cullen', 'Shea Whigham', 'Bill Camp', 'Glenn Fleshler', 'Leigh Gill', 'Josh Pais', 'Rocco Luna', 'Marc Maron', 'Sondra James', 'Murphy Guyer', 'Douglas Hodge', 'Dante Pereira-Olson', 'Carrie Louise Putrello', 'Sharon Washington']"
Amadeus,1984,https://imdb.com/title/tt0086879/,Music,Milos Forman,"['F. Murray Abraham', 'Tom Hulce', 'Elizabeth Berridge', 'Roy Dotrice', 'Simon Callow', 'Christine Ebersole', 'Jeffrey Jones', 'Charles Kay', 'Kenneth McMillan', 'Kenny Baker', 'Lisbeth Bartlett', 'Barbara Bryne', 'Martin Cavina', 'Roderick Cook', 'Milan Demjanenko', 'Peter DiGesu', 'Richard Frank', 'Patrick Hines']"
Braveheart,1995,https://imdb.com/title/tt0112573/,History,Mel Gibson,"['Mel Gibson', 'Sophie Marceau', 'Patrick McGoohan', 'Angus Macfadyen', 'James Robinson', 'Sean Lawlor', 'Sandy Nelson', 'James Cosmo', 'Sean McGinley', 'Alan Tall', 'Andrew Weir', 'Gerda Stevenson', 'Ralph Riach', 'Mhairi Calvey', 'Brian Cox', 'Peter Hanly', 'Stephen Billington', 'Barry McGovern']"
Toy Story,1995,https://imdb.com/title/tt0114709/,Comedy,John Lasseter,"['Tom Hanks', 'Tim Allen', 'Don Rickles', 'Jim Varney', 'Wallace Shawn', 'John Ratzenberger', 'Annie Potts', 'John Morris', 'Erik von Detten', 'Laurie Metcalf', 'R. Lee Ermey', 'Sarah Rayne', 'Penn Jillette', 'Jack Angel', 'Spencer Aste', 'Greg Berg', 'Lisa Bradley', 'Kendall Cunningham']"
Coco,2017,https://imdb.com/title/tt2380307/,Comedy,Lee UnkrichAdrian Molina(co-directed by),"['Anthony Gonzalez', 'Gael García Bernal', 'Benjamin Bratt', 'Alanna Ubach', 'Renee Victor', 'Jaime Camil', 'Alfonso Arau', 'Herbert Siguenza', 'Gabriel Iglesias', 'Lombardo Boyar', 'Ana Ofelia Murguía', 'Natalia Cordova-Buckley', 'Selene Luna', 'Edward James Olmos', 'Sofía Espinosa', 'Carla Medina', 'Dyana Ortelli', 'Luis Valdez']"
Le Bateau,1981,https://imdb.com/title/tt0082096/,War,Wolfgang Petersen,"['Jürgen Prochnow', 'Herbert Grönemeyer', 'Klaus Wennemann', 'Hubertus Bengsch', 'Martin Semmelrogge', 'Bernd Tauber', 'Erwin Leder', 'Martin May', 'Heinz Hoenig', 'Uwe Ochsenknecht', 'Claude-Oliver Rudolph', 'Jan Fedder', 'Ralf Richter', 'Joachim Bernhard', 'Oliver Stritzel', 'Konrad Becker', 'Lutz Schnell', 'Martin Hemme']"
Inglourious Basterds,2009,https://imdb.com/title/tt0361748/,War,Quentin Tarantino,"['Brad Pitt', 'Diane Kruger', 'Eli Roth', 'Mélanie Laurent', 'Christoph Waltz', 'Michael Fassbender', 'Daniel Brühl', 'Til Schweiger', 'Gedeon Burkhard', 'Jacky Ido', 'B.J. Novak', 'Omar Doom', 'August Diehl', 'Denis Ménochet', 'Sylvester Groth', 'Martin Wuttke', 'Mike Myers', 'Julie Dreyfus']"
Princesse Mononoké,1997,https://imdb.com/title/tt0119698/,Fantasy,Hayao Miyazaki,"['Yôji Matsuda', 'Yuriko Ishida', 'Yûko Tanaka', 'Billy Crudup', 'Billy Bob Thornton', 'Minnie Driver', 'John DiMaggio', 'Claire Danes', 'John DeMita', 'Jada Pinkett Smith', 'Gillian Anderson', 'Keith David', 'Corey Burton', 'Tara Strong', 'Julia Fletcher', 'Debi Derryberry', 'Alex Fernandez', 'Jack Fletcher']"
Avengers: Endgame,2019,https://imdb.com/title/tt4154796/,Drama,Anthony RussoJoe Russo,"['Robert Downey Jr.', 'Chris Evans', 'Mark Ruffalo', 'Chris Hemsworth', 'Scarlett Johansson', 'Jeremy Renner', 'Don Cheadle', 'Paul Rudd', 'Benedict Cumberbatch', 'Chadwick Boseman', 'Brie Larson', 'Tom Holland', 'Karen Gillan', 'Zoe Saldana', 'Evangeline Lilly', 'Tessa Thompson', 'Rene Russo', 'Elizabeth Olsen']"
Il était une fois en Amérique,1984,https://imdb.com/title/tt0087843/,Drama,Sergio Leone,"['Robert De Niro', 'James Woods', 'Elizabeth McGovern', 'Treat Williams', 'Tuesday Weld', 'Burt Young', 'Joe Pesci', 'Danny Aiello', 'William Forsythe', 'James Hayden', 'Darlanne Fluegel', 'Larry Rapp', 'Dutch Miller', 'Robert Harper', 'Richard Bright', 'Gerard Murphy', 'Amy Ryder', 'Olga Karlatos']"
Will Hunting,1997,https://imdb.com/title/tt0119217/,Romance,Gus Van Sant,"['Robin Williams', 'Matt Damon', 'Ben Affleck', 'Stellan Skarsgård', 'John Mighton', 'Rachel Majorowski', 'Colleen McCauley', 'Casey Affleck', 'Cole Hauser', 'Matt Mercier', 'Ralph St. George', 'Rob Lynds', 'Dan Washington', 'Alison Folland', 'Derrick Bridgeman', 'Vik Sahay', 'Shannon Egleson', 'Rob Lyons']"
Toy Story 3,2010,https://imdb.com/title/tt0435761/,Comedy,Lee Unkrich,"['Tom Hanks', 'Tim Allen', 'Joan Cusack', 'Ned Beatty', 'Don Rickles', 'Michael Keaton', 'Wallace Shawn', 'John Ratzenberger', 'Estelle Harris', 'John Morris', 'Jodi Benson', 'Emily Ricks Hahn', 'Laurie Metcalf', 'Blake Clark', 'Teddy Newton', 'Bud Luckey', 'Bea Miller', 'Javier Fernández-Peña']"
Requiem for a Dream,2000,https://imdb.com/title/tt0180093/,Drama,Darren Aronofsky,"['Ellen Burstyn', 'Jared Leto', 'Jennifer Connelly', 'Marlon Wayans', 'Christopher McDonald', 'Louise Lasser', 'Marcia Jean Kurtz', 'Janet Sarno', 'Suzanne Shepherd', 'Joanne Gordon', 'Charlotte Aronofsky', 'Mark Margolis', 'Michael Kaycheck', ""Jack O'Connell"", 'Chas Mastin', 'Ajay Naidu', 'Sean Gullette', 'Samia Shoaib']"
Your Name.,2016,https://imdb.com/title/tt5311514/,Fantasy,Makoto Shinkai,"['Ryûnosuke Kamiki', 'Mone Kamishiraishi', 'Ryô Narita', 'Aoi Yûki', 'Nobunaga Shimazaki', 'Kaito Ishikawa', 'Kanon Tani', 'Masaki Terasoma', 'Sayaka Ôhara', 'Kazuhiko Inoue', 'Chafûrin', 'Kana Hanazawa', 'Yuka Terasaki', 'Takashi Onozuka', 'Yôhei Namekawa', 'Miyu Tsuji', ""Shin'ya Hamazoe"", 'Kanami Satô']"
Chantons sous la pluie,1952,https://imdb.com/title/tt0045152/,Romance,Stanley DonenGene Kelly,"['Gene Kelly', ""Donald O'Connor"", 'Debbie Reynolds', 'Jean Hagen', 'Millard Mitchell', 'Cyd Charisse', 'Douglas Fowley', 'Rita Moreno', 'Dawn Addams', 'John Albright', 'Betty Allen', 'Sue Allen', 'John Angelo', 'Marie Ardell', 'Bette Arlen', 'David Bair', 'Jimmy Bates', 'Mary Bayless']"
3 Idiots,2009,https://imdb.com/title/tt1187043/,Drama,Rajkumar Hirani,"['Aamir Khan', 'Madhavan', 'Mona Singh', 'Sharman Joshi', 'Kareena Kapoor', 'Boman Irani', 'Omi Vaidya', 'Olivier Lafont', 'Rahul Kumar', 'Parikshit Sahni', 'Farida Dadi', 'Amardeep Jha', 'Mukund Bhatt', 'Chaitali Bose', 'Jaaved Jaaferi', 'Jayant Kripalani', 'Arun Bali', 'Shoaib Ahmed']"
Le Retour du Jedi,1983,https://imdb.com/title/tt0086190/,Fantasy,Richard Marquand,"['Mark Hamill', 'Harrison Ford', 'Carrie Fisher', 'Billy Dee Williams', 'Anthony Daniels', 'Peter Mayhew', 'Sebastian Shaw', 'Ian McDiarmid', 'Frank Oz', 'James Earl Jones', 'David Prowse', 'Alec Guinness', 'Kenny Baker', 'Michael Pennington', 'Kenneth Colley', 'Michael Carter', 'Denis Lawson', 'Tim Rose']"
2001 : L'Odyssée de l'espace,1968,https://imdb.com/title/tt0062622/,Sci-Fi,Stanley Kubrick,"['Keir Dullea', 'Gary Lockwood', 'William Sylvester', 'Daniel Richter', 'Leonard Rossiter', 'Margaret Tyzack', 'Robert Beatty', 'Sean Sullivan', 'Douglas Rain', 'Frank Miller', 'Bill Weston', 'Ed Bishop', 'Glenn Beck', 'Alan Gifford', 'Ann Gillis', 'Edwina Carroll', 'Penny Brahms', 'Heather Downham']"
Eternal Sunshine of the Spotless Mind,2004,https://imdb.com/title/tt0338013/,Sci-Fi,Michel Gondry,"['Jim Carrey', 'Kate Winslet', 'Tom Wilkinson', 'Gerry Robert Byrne', 'Elijah Wood', 'Thomas Jay Ryan', 'Mark Ruffalo', 'Jane Adams', 'David Cross', 'Kirsten Dunst', 'Ryan Whitney', 'Debbon Ayer', 'Amir Ali Said', 'Brian Price', 'Paulie Litt', 'Josh Flitter', 'Lola Daehler', ""Deirdre O'Connell""]"
Reservoir Dogs,1992,https://imdb.com/title/tt0105236/,Thriller,Quentin Tarantino,"['Harvey Keitel', 'Tim Roth', 'Michael Madsen', 'Chris Penn', 'Steve Buscemi', 'Lawrence Tierney', 'Randy Brooks', 'Kirk Baltz', 'Edward Bunker', 'Quentin Tarantino', 'Rich Turner', 'David Steen', 'Tony Cosmo', 'Stevo Polyi', 'Michael Sottile', 'Robert Ruth', 'Lawrence Bender', 'Linda Kaye']"
Entre le ciel et l'enfer,1963,https://imdb.com/title/tt0057565/,Mystery,Akira Kurosawa,"['Toshirô Mifune', 'Yutaka Sada', 'Tatsuya Nakadai', 'Kyôko Kagawa', 'Tatsuya Mihashi', 'Isao Kimura', 'Kenjirô Ishiyama', 'Takeshi Katô', 'Takashi Shimura', 'Jun Tazaki', 'Nobuo Nakamura', 'Yûnosuke Itô', 'Tsutomu Yamazaki', 'Minoru Chiaki', 'Eijirô Tôno', 'Masao Shimizu', 'Masahiko Shimazu', 'Toshio Egi']"
Capharnaüm,2018,https://imdb.com/title/tt8267604/,Drama,Nadine Labaki,"['Zain Al Rafeea', 'Yordanos Shiferaw', 'Boluwatife Treasure Bankole', 'Kawsar Al Haddad', 'Fadi Yousef', 'Cedra Izzam', 'Alaa Chouchnieh', 'Elias Khoury', 'Mohammad Al Abdallah', 'Mohamad Abdellatif', 'Abdo Abdo', 'Hampig Abraham', 'Jamil Ahmad', 'Mohamad Akkar', 'Elias Akobegia', 'Riman Al Rafeea', 'Legamett Alamou', 'Majd Nabil Alhalabi']"
Citizen Kane,1941,https://imdb.com/title/tt0033467/,Mystery,Orson Welles,"['Orson Welles', 'Joseph Cotten', 'Dorothy Comingore', 'Agnes Moorehead', 'Ruth Warrick', 'Ray Collins', 'Erskine Sanford', 'Everett Sloane', 'William Alland', 'Paul Stewart', 'George Coulouris', 'Fortunio Bonanova', 'Gus Schilling', 'Philip Van Zandt', 'Georgia Backus', 'Harry Shannon', 'Sonny Bupp', 'Buddy Swan']"
Lawrence d'Arabie,1962,https://imdb.com/title/tt0056172/,Drama,David Lean,"[""Peter O'Toole"", 'Alec Guinness', 'Anthony Quinn', 'Jack Hawkins', 'Omar Sharif', 'José Ferrer', 'Anthony Quayle', 'Claude Rains', 'Arthur Kennedy', 'Donald Wolfit', 'I.S. Johar', 'Gamil Ratib', 'Michel Ray', 'John Dimech', 'Zia Mohyeddin', 'Howard Marion-Crawford', 'Jack Gwillim', 'Hugh Miller']"
La chasse,2012,https://imdb.com/title/tt2106476/,Drama,Thomas Vinterberg,"['Mads Mikkelsen', 'Thomas Bo Larsen', 'Annika Wedderkopp', 'Lasse Fogelstrøm', 'Susse Wold', 'Anne Louise Hassing', 'Lars Ranthe', 'Alexandra Rapaport', 'Sebastian Bull Sarning', 'Steen Ordell Guldbrand Jensen', 'Daniel Engstrup', 'Troels Thorsen', 'Søren Rønholt', 'Hana Shuan', 'Jytte Kvinesdal', 'Josefine Gråbøl', 'Bjarne Henriksen', 'Nicolai Dahl Hamilton']"
M le maudit,1931,https://imdb.com/title/tt0022100/,Thriller,Fritz Lang,"['Peter Lorre', 'Ellen Widmann', 'Inge Landgut', 'Otto Wernicke', 'Theodor Loos', 'Gustaf Gründgens', 'Friedrich Gnaß', 'Fritz Odemar', 'Paul Kemp', 'Theo Lingen', 'Rudolf Blümner', 'Georg John', 'Franz Stein', 'Ernst Stahl-Nachbaur', 'Gerhard Bienert', 'Karl Platen', 'Rosa Valetti', 'Hertha von Walther']"
La mort aux trousses,1959,https://imdb.com/title/tt0053125/,Mystery,Alfred Hitchcock,"['Cary Grant', 'Eva Marie Saint', 'James Mason', 'Jessie Royce Landis', 'Leo G. Carroll', 'Josephine Hutchinson', 'Philip Ober', 'Martin Landau', 'Adam Williams', 'Edward Platt', 'Robert Ellenstein', 'Les Tremayne', 'Philip Coolidge', 'Patrick McVey', 'Edward Binns', 'Ken Lynch', 'Stanley Adams', 'John Alban']"
Sueurs froides,1958,https://imdb.com/title/tt0052357/,Thriller,Alfred Hitchcock,"['James Stewart', 'Kim Novak', 'Barbara Bel Geddes', 'Tom Helmore', 'Henry Jones', 'Raymond Bailey', 'Ellen Corby', 'Konstantin Shayne', 'Lee Patrick', 'David Ahdar', 'Isabel Analla', 'Jack Ano', 'Margaret Bacon', 'John Benson', 'Danny Borzage', 'Margaret Brayton', 'Paul Bryar', 'Boyd Cabeen']"
Le fabuleux destin d'Amélie Poulain,2001,https://imdb.com/title/tt0211915/,Romance,Jean-Pierre Jeunet,"['Audrey Tautou', 'Mathieu Kassovitz', 'Rufus', 'Lorella Cravotta', 'Serge Merlin', 'Jamel Debbouze', 'Clotilde Mollet', 'Claire Maurier', 'Isabelle Nanty', 'Dominique Pinon', 'Artus de Penguern', 'Yolande Moreau', 'Urbain Cancelier', 'Maurice Bénichou', 'Michel Robin', 'Andrée Damant', 'Claude Perron', 'Armelle']"
Orange mécanique,1971,https://imdb.com/title/tt0066921/,Sci-Fi,Stanley Kubrick,"['Malcolm McDowell', 'Patrick Magee', 'Michael Bates', 'Warren Clarke', 'John Clive', 'Adrienne Corri', 'Carl Duering', 'Paul Farrell', 'Clive Francis', 'Michael Gover', 'Miriam Karlin', 'James Marcus', 'Aubrey Morris', 'Godfrey Quigley', 'Sheila Raynor', 'Madge Ryan', 'John Savident', 'Anthony Sharp']"
Requiem pour un massacre - Va et regarde,1985,https://imdb.com/title/tt0091251/,War,Elem Klimov,"['Aleksey Kravchenko', 'Olga Mironova', 'Liubomiras Laucevicius', 'Vladas Bagdonas', 'Jüri Lumiste', 'Viktors Lorencs', 'Kazimir Rabetsky', 'Evgeniy Tilicheev', 'G. Velts', 'V. Vasilyev', 'Aleksandr Berda', 'Vasiliy Domrachyov', 'Nina Evdokimova', 'Igor Gnevashev', 'Adolf Hitler', 'Valery Kravchenko', 'Evgeniy Kryzhanovskiy', 'N. Lisichenok']"
Full Metal Jacket,1987,https://imdb.com/title/tt0093058/,War,Stanley Kubrick,"['Matthew Modine', 'R. Lee Ermey', ""Vincent D'Onofrio"", 'Adam Baldwin', 'Dorian Harewood', 'Kevyn Major Howard', 'Arliss Howard', ""Ed O'Ross"", 'John Terry', 'Kieron Jecchinis', 'Kirk Taylor', 'Tim Colceri', 'Jon Stafford', 'Bruce Boa', 'Ian Tyler', 'Sal Lopez', 'Gary Landon Mills', 'Papillon Soo']"
Assurance sur la mort,1944,https://imdb.com/title/tt0036775/,Film-Noir,Billy Wilder,"['Fred MacMurray', 'Barbara Stanwyck', 'Edward G. Robinson', 'Byron Barr', 'Porter Hall', 'Jean Heather', 'Tom Powers', 'Richard Gaines', 'Fortunio Bonanova', 'John Philliber', 'Lev Abramov', 'James Adamson', 'John Berry', 'Raymond Chandler', 'Edmund Cobb', 'Kernan Cripps', 'Betty Farrington', 'Bess Flowers']"
La garçonnière,1960,https://imdb.com/title/tt0053604/,Romance,Billy Wilder,"['Jack Lemmon', 'Shirley MacLaine', 'Fred MacMurray', 'Ray Walston', 'Jack Kruschen', 'David Lewis', 'Hope Holiday', 'Joan Shawlee', 'Naomi Stevens', 'Johnny Seven', 'Joyce Jameson', 'Willard Waterman', 'David White', 'Edie Adams', 'Dorothy Abbott', 'Bill Baldwin', 'Paul Bradley', 'Benny Burt']"
Scarface,1983,https://imdb.com/title/tt0086250/,Drama,Brian De Palma,"['Al Pacino', 'Michelle Pfeiffer', 'Steven Bauer', 'Mary Elizabeth Mastrantonio', 'Robert Loggia', 'Miriam Colon', 'F. Murray Abraham', 'Paul Shenar', 'Harris Yulin', 'Ángel Salazar', 'Arnaldo Santana', 'Pepe Serna', 'Michael P. Moran', 'Al Israel', 'Dennis Holahan', 'Mark Margolis', 'Michael Alldredge', 'Ted Beniades']"
Vivre,1952,https://imdb.com/title/tt0044741/,Drama,Akira Kurosawa,"['Takashi Shimura', 'Nobuo Kaneko', ""Shin'ichi Himori"", 'Haruo Tanaka', 'Minoru Chiaki', 'Miki Odagiri', 'Bokuzen Hidari', 'Minosuke Yamada', 'Kamatari Fujiwara', 'Makoto Kobori', 'Nobuo Nakamura', 'Atsushi Watanabe', 'Isao Kimura', 'Masao Shimizu', 'Yûnosuke Itô', 'Kumeko Urabe', 'Eiko Miyoshi', 'Noriko Honma']"
L'Arnaque,1973,https://imdb.com/title/tt0070735/,Drama,George Roy Hill,"['Paul Newman', 'Robert Redford', 'Robert Shaw', 'Charles Durning', 'Ray Walston', 'Eileen Brennan', 'Harold Gould', 'John Heffernan', 'Dana Elcar', 'Jack Kehoe', 'Dimitra Arliss', 'Robert Earl Jones', 'James Sloyan', 'Charles Dierkop', 'Lee Paul', 'Sally Kirkland', 'Avon Long', 'Arch Johnson']"
Du silence et des ombres...,1962,https://imdb.com/title/tt0056592/,Drama,Robert Mulligan,"['Gregory Peck', 'John Megna', 'Frank Overton', 'Rosemary Murphy', 'Ruth White', 'Brock Peters', 'Estelle Evans', 'Paul Fix', 'Collin Wilcox Paxton', 'James Anderson', 'Alice Ghostley', 'Robert Duvall', 'William Windom', 'Crahan Denton', 'Richard Hale', 'Mary Badham', 'Phillip Alford', 'R.L. Armstrong']"
Taxi Driver,1976,https://imdb.com/title/tt0075314/,Drama,Martin Scorsese,"['Robert De Niro', 'Jodie Foster', 'Cybill Shepherd', 'Albert Brooks', 'Diahnne Abbott', 'Frank Adu', 'Victor Argo', 'Gino Ardito', 'Garth Avery', 'Peter Boyle', 'Harry Cohn', 'Copper Cunningham', 'Brenda Dickson', 'Harry Fischler', 'Nat Grant', 'Leonard Harris', 'Richard Higgs', 'Beau Kayser']"
L.A. Confidential,1997,https://imdb.com/title/tt0119488/,Mystery,Curtis Hanson,"['Kevin Spacey', 'Russell Crowe', 'Guy Pearce', 'Kim Basinger', 'James Cromwell', 'Danny DeVito', 'David Strathairn', 'Ron Rifkin', 'Matt McCoy', 'Paul Guilfoyle', 'Paolo Seganti', 'Elisabeth Granli', 'Sandra Taylor', 'Steve Rankin', 'Graham Beckel', 'Allan Graf', 'Precious Chong', 'Symba']"
Là-haut,2009,https://imdb.com/title/tt1049413/,Comedy,Pete DocterBob Peterson,"['Edward Asner', 'Jordan Nagai', 'John Ratzenberger', 'Christopher Plummer', 'Bob Peterson', 'Delroy Lindo', 'Jerome Ranft', 'David Kaye', 'Elie Docter', 'Jeremy Leary', 'Mickie McGowan', 'Danny Mann', 'Donald Fullilove', 'Jess Harnell', 'Josh Cooley', 'Pete Docter', 'Mark Andrews', 'Bob Bergen']"
Heat,1995,https://imdb.com/title/tt0113277/,Drama,Michael Mann,"['Al Pacino', 'Robert De Niro', 'Val Kilmer', 'Jon Voight', 'Tom Sizemore', 'Diane Venora', 'Amy Brenneman', 'Ashley Judd', 'Mykelti Williamson', 'Wes Studi', 'Ted Levine', 'Dennis Haysbert', 'William Fichtner', 'Natalie Portman', 'Tom Noonan', 'Kevin Gage', 'Hank Azaria', 'Susan Traylor']"
Hamilton,2020,https://imdb.com/title/tt8503618/,History,Thomas Kail,"['Lin-Manuel Miranda', 'Phillipa Soo', 'Leslie Odom Jr.', 'Renée Elise Goldsberry', 'Daveed Diggs', 'Jonathan Groff', 'Chris Jackson', 'Jasmine Cephas Jones', 'Okieriete Onaodowan', 'Anthony Ramos', 'Carleigh Bettiol', 'Ariana DeBose', 'Hope Easterbrook', 'Sydney James Harcourt', 'Sasha Hutchings', 'Thayne Jasperson', 'Elizabeth Judd', 'Jon Rua']"
Metropolis,1927,https://imdb.com/title/tt0017136/,Sci-Fi,Fritz Lang,"['Brigitte Helm', 'Alfred Abel', 'Gustav Fröhlich', 'Rudolf Klein-Rogge', 'Fritz Rasp', 'Theodor Loos', 'Erwin Biswanger', 'Heinrich George', 'Fritz Alberti', 'Grete Berger', 'Olly Boeheim', 'Max Dietze', 'Ellen Frey', 'Beatrice Garga', 'Heinrich Gotho', 'Dolly Grey', 'Anny Hintze', 'Gottfried Huppertz']"
Une séparation,2011,https://imdb.com/title/tt1832382/,Drama,Asghar Farhadi,"['Payman Maadi', 'Leila Hatami', 'Sareh Bayat', 'Shahab Hosseini', 'Sarina Farhadi', ""Merila Zare'i"", 'Ali-Asghar Shahbazi', 'Babak Karimi', 'Kimia Hosseini', 'Shirin Yazdanbakhsh', 'Sohibanoo Zolqadr', 'Mohammadhasan Asghari', 'Shirin Azimiyannezhad', 'Hamid Dadju', 'Mohammad Ebrahimian', 'Samad Farhang', 'Ali Fattahi', 'Nafise Ghodrati']"
Snatch - Tu braques ou tu raques,2000,https://imdb.com/title/tt0208092/,Crime,Guy Ritchie,"['Jason Statham', 'Brad Pitt', 'Stephen Graham', 'Vinnie Jones', 'Ade', 'William Beck', 'Andy Beckwith', 'Ewen Bremner', 'Jason Buckham', 'Mickey Cantwell', 'Nicola Collins', 'Teena Collins', 'Charles Cork', 'James Cunningham', 'Sorcha Cusack', 'Mickey Dee', 'Benicio Del Toro', 'Sam Douglas']"
Piège de cristal,1988,https://imdb.com/title/tt0095016/,Thriller,John McTiernan,"['Bruce Willis', 'Alan Rickman', 'Bonnie Bedelia', 'Reginald VelJohnson', 'Paul Gleason', ""De'voreaux White"", 'William Atherton', 'Hart Bochner', 'James Shigeta', 'Alexander Godunov', 'Bruno Doyon', 'Andreas Wisniewski', 'Clarence Gilyard Jr.', 'Joey Plewa', 'Lorenzo Caccialanza', 'Gérard Bonn', 'Dennis Hayden', 'Al Leong']"
Incendies,2010,https://imdb.com/title/tt1255953/,Mystery,Denis Villeneuve,"['Lubna Azabal', 'Mélissa Désormeaux-Poulin', 'Maxim Gaudette', 'Mustafa Kamel', 'Hussein Sami', 'Rémy Girard', 'Dominique Briand', 'Frédéric Paquet', 'Hamed Najem', 'Ahmad Massad', 'Bader Alami', 'Majida Hussein', 'Asriah Nijres', 'John Dunn-Hill', 'Nadia Essadiqi', 'Chaouki Charbel', 'Axel Garbi', 'Amine Benzenine']"
Indiana Jones et la dernière croisade,1989,https://imdb.com/title/tt0097576/,Adventure,Steven Spielberg,"['Harrison Ford', 'Sean Connery', 'Alison Doody', 'Denholm Elliott', 'John Rhys-Davies', 'Julian Glover', 'River Phoenix', 'Michael Byrne', 'Kevork Malikyan', 'Robert Eddison', 'Richard Young', 'Alexei Sayle', 'Alex Hyde-White', 'Paul Maxwell', 'Isla Blair', 'Vernon Dobtcheff', 'J.J. Hardy', 'Bradley Gregg']"
Voleur de bicyclette,1948,https://imdb.com/title/tt0040522/,Drama,Vittorio De Sica,"['Lamberto Maggiorani', 'Enzo Staiola', 'Lianella Carell', 'Elena Altieri', 'Gino Saltamerenda', 'Giulio Chiari', 'Vittorio Antonucci', 'Michele Sakara', 'Fausto Guerzoni', 'Emma Druetti', 'Carlo Jachino', 'Giulio Battiferri', 'Ida Bracci Dorati', 'Nando Bruno', 'Eolo Capritti', 'Memmo Carotenuto', 'Giovanni Corporale', 'Veriano Ginesi']"
1917,2019,https://imdb.com/title/tt8579674/,War,Sam Mendes,"['Dean-Charles Chapman', 'George MacKay', 'Daniel Mays', 'Colin Firth', 'Pip Carter', 'Andy Apollo', 'Paul Tinto', 'Josef Davies', 'Billy Postlethwaite', 'Gabriel Akuwudike', 'Andrew Scott', 'Spike Leighton', 'Robert Maaser', 'Gerran Howell', 'Adam Hugill', 'Mark Strong', 'Richard McCabe', 'Benjamin Adams']"
Taare Zameen Par,2007,https://imdb.com/title/tt0986264/,Family,Aamir KhanAmole Gupte(uncredited),"['Darsheel Safary', 'Aamir Khan', 'Tisca Chopra', 'Vipin Sharma', 'Sachet Engineer', 'Tanay Chheda', 'Lalitha Lajmi', 'Girija Oak', 'Ravi Khanvilkar', 'Pratima Kulkarni', 'Meghna Malik', 'Sonali Sachdev', 'Sanjay Dadhich', 'Rajgopal Iyer', 'Bugs Bhargava Krishna', 'Shankar Sachdev', 'M.K. Raina', 'Gurkirtan']"
La chute,2004,https://imdb.com/title/tt0363163/,History,Oliver Hirschbiegel,"['Bruno Ganz', 'Alexandra Maria Lara', 'Ulrich Matthes', 'Juliane Köhler', 'Corinna Harfouch', 'Heino Ferch', 'Christian Berkel', 'Matthias Habich', 'Thomas Kretschmann', 'Michael Mendl', 'André Hennicke', 'Ulrich Noethen', 'Birgit Minichmayr', 'Rolf Kanies', 'Justus von Dohnányi', 'Dieter Mann', 'Christian Redl', 'Götz Otto']"
Spider-Man: No Way Home,2021,https://imdb.com/title/tt10872600/,Fantasy,Jon Watts,"['Tom Holland', 'Zendaya', 'Benedict Cumberbatch', 'Jacob Batalon', 'Jon Favreau', 'Jamie Foxx', 'Willem Dafoe', 'Alfred Molina', 'Benedict Wong', 'Tony Revolori', 'Marisa Tomei', 'Andrew Garfield', 'Tobey Maguire', 'Angourie Rice', 'Arian Moayed', 'Paula Newsome', 'Hannibal Buress', 'Martin Starr']"
...et pour quelques dollars de plus,1965,https://imdb.com/title/tt0059578/,Western,Sergio Leone,"['Clint Eastwood', 'Lee Van Cleef', 'Gian Maria Volontè', 'Mara Krupp', 'Luigi Pistilli', 'Klaus Kinski', 'Luis Rodríguez', 'Benito Stefanelli', 'Panos Papadopulos', 'Aldo Sambrell', 'Roberto Camardiel', 'Joseph Egger', 'Tomás Blanco', 'Lorenzo Robledo', 'Dante Maggio', 'Sergio Mendizábal', 'Diana Rabito', 'Giovanni Tarallo']"
Batman Begins,2005,https://imdb.com/title/tt0372784/,Drama,Christopher Nolan,"['Christian Bale', 'Michael Caine', 'Ken Watanabe', 'Liam Neeson', 'Katie Holmes', 'Gary Oldman', 'Cillian Murphy', 'Tom Wilkinson', 'Rutger Hauer', 'Mark Boone Junior', 'Linus Roache', 'Morgan Freeman', 'Larry Holden', 'Gerard Murphy', 'Colin McFarlane', 'Sara Stewart', 'Gus Lewis', 'Richard Brake']"
Dangal,2016,https://imdb.com/title/tt5074352/,Drama,Nitesh Tiwari,"['Aamir Khan', 'Sakshi Tanwar', 'Fatima Sana Shaikh', 'Sanya Malhotra', 'Aparshakti Khurana', 'Zaira Wasim', 'Suhani Bhatnagar', 'Ritvik Sahore', 'Girish Kulkarni', 'Ravi Aneja', 'Anurag Arora', 'Mahesh Balraj', 'Vivan Bhatena', 'Anmol Charan', 'Karamveer Choudhary', 'Ishika Gagneja', 'Badrul Islam', 'Jagbir']"
Le Kid,1921,https://imdb.com/title/tt0012349/,Family,Charles Chaplin,"['Charles Chaplin', 'Edna Purviance', 'Jackie Coogan', 'Carl Miller', 'Albert Austin', 'Beulah Bains', 'Nellie Bly Baker', 'Henry Bergman', 'Edward Biby', 'B.F. Blinn', 'Kitty Bradbury', 'Frank Campeau', 'Bliss Chevalier', 'Frances Cochran', 'Elsie Codd', 'Jack Coogan Sr.', 'Estelle Cook', 'Lillian Crane']"
Certains l'aiment chaud,1959,https://imdb.com/title/tt0053291/,Romance,Billy Wilder,"['Marilyn Monroe', 'Tony Curtis', 'Jack Lemmon', 'George Raft', ""Pat O'Brien"", 'Joe E. Brown', 'Nehemiah Persoff', 'Joan Shawlee', 'Billy Gray', 'George E. Stone', 'Dave Barry', 'Mike Mazurki', 'Harry Wilson', 'Beverly Wills', 'Barbara Drew', 'Edward G. Robinson Jr.', 'Sam Bagley', 'Brandon Beach']"
The Father,2020,https://imdb.com/title/tt10272386/,Mystery,Florian Zeller,"['Anthony Hopkins', 'Olivia Colman', 'Mark Gatiss', 'Olivia Williams', 'Imogen Poots', 'Rufus Sewell', 'Ayesha Dharker', 'Roman Zeller', 'Adnan Kundi', 'Brian Rodger', 'Romulus Stoicescu', 'Evie Wray']"
Ève...,1950,https://imdb.com/title/tt0042192/,Drama,Joseph L. Mankiewicz,"['Bette Davis', 'Anne Baxter', 'George Sanders', 'Celeste Holm', 'Gary Merrill', 'Hugh Marlowe', 'Gregory Ratoff', 'Barbara Bates', 'Marilyn Monroe', 'Thelma Ritter', 'Walter Hampden', 'Randy Stuart', 'Craig Hill', 'Leland Harris', 'Barbara White', 'Eddie Fisher', 'William Pullen', 'Claude Stroud']"
Green Book: Sur les routes du Sud,2018,https://imdb.com/title/tt6966692/,Drama,Peter Farrelly,"['Viggo Mortensen', 'Mahershala Ali', 'Linda Cardellini', 'Sebastian Maniscalco', 'Dimiter D. Marinov', 'Mike Hatton', 'P.J. Byrne', 'Joe Cortese', 'Maggie Nixon', 'Von Lewis', 'Jon Sortland', 'Don Stark', 'Anthony Mangano', 'Paul Sloan', 'Quinn Duffy', 'Seth Hurwitz', 'Hudson Galloway', 'Gavin Lyle Foley']"
Le loup de Wall Street,2013,https://imdb.com/title/tt0993846/,Crime,Martin Scorsese,"['Leonardo DiCaprio', 'Jonah Hill', 'Margot Robbie', 'Matthew McConaughey', 'Kyle Chandler', 'Rob Reiner', 'Jon Bernthal', 'Jon Favreau', 'Jean Dujardin', 'Joanna Lumley', 'Cristin Milioti', 'Christine Ebersole', 'Shea Whigham', 'Katarina Cas', 'P.J. Byrne', 'Kenneth Choi', 'Brian Sacca', 'Henry Zebrowski']"
Jugement à Nuremberg,1961,https://imdb.com/title/tt0055031/,War,Stanley Kramer,"['Spencer Tracy', 'Burt Lancaster', 'Richard Widmark', 'Marlene Dietrich', 'Maximilian Schell', 'Judy Garland', 'Montgomery Clift', 'William Shatner', 'Werner Klemperer', 'Kenneth MacKenna', 'Torben Meyer', 'Joseph Bernard', 'Alan Baxter', 'Edward Binns', 'Virginia Christine', 'Otto Waldis', 'Karl Swenson', 'Martin Brandt']"
Impitoyable,1992,https://imdb.com/title/tt0105695/,Western,Clint Eastwood,"['Clint Eastwood', 'Gene Hackman', 'Morgan Freeman', 'Richard Harris', 'Jaimz Woolvett', 'Saul Rubinek', 'Frances Fisher', 'Anna Thomson', 'David Mucci', 'Rob Campbell', 'Anthony James', 'Tara Frederick', 'Beverley Elliott', 'Liisa Repo-Martell', 'Josie Smith', 'Shane Meier', 'Aline Levasseur', 'Cherrilene Cardinal']"
Ran,1985,https://imdb.com/title/tt0089881/,War,Akira Kurosawa,"['Tatsuya Nakadai', 'Akira Terao', 'Jinpachi Nezu', 'Daisuke Ryû', 'Mieko Harada', 'Yoshiko Miyazaki', 'Hisashi Igawa', 'Pîtâ', 'Masayuki Yui', 'Kazuo Katô', 'Norio Matsui', 'Toshiya Ito', 'Kenji Kodama', 'Takashi Watanabe', 'Mansai Nomura', 'Takeshi Katô', 'Jun Tazaki', 'Hitoshi Ueki']"
Casino,1995,https://imdb.com/title/tt0112641/,Drama,Martin Scorsese,"['Robert De Niro', 'Sharon Stone', 'Joe Pesci', 'James Woods', 'Don Rickles', 'Alan King', 'Kevin Pollak', 'L.Q. Jones', 'Dick Smothers', 'Frank Vincent', 'John Bloom', 'Pasquale Cajano', 'Melissa Prophet', 'Bill Allison', 'Vinny Vella', 'Philip Suriano', 'Erika von Tagen', 'Frankie Avalon']"
Le labyrinthe de Pan,2006,https://imdb.com/title/tt0457430/,War,Guillermo del Toro,"['Ivana Baquero', 'Ariadna Gil', 'Sergi López', 'Maribel Verdú', 'Doug Jones', 'Álex Angulo', 'Manolo Solo', 'César Vea', 'Roger Casamajor', 'Ivan Massagué', 'Gonzalo Uriarte', 'Eusebio Lázaro', 'Francisco Vidal', 'Juanjo Cucalón', 'Lina Mira', 'Mario Zorrilla', 'Sebastián Haro', 'Mila Espiga']"
There Will Be Blood,2007,https://imdb.com/title/tt0469494/,Drama,Paul Thomas Anderson,"['Daniel Day-Lewis', 'Paul Dano', 'Ciarán Hinds', 'Martin Stringer', 'Matthew Braden Stringer', 'Jacob Stringer', 'Joseph Mussey', 'Barry Del Sherman', 'Harrison Taylor', 'Stockton Taylor', 'Paul F. Tompkins', 'Dillon Freasier', 'Kevin Breznahan', 'Jim Meskimen', 'Erica Sullivan', 'Randall Carver', 'Coco Leigh', 'Sydney McCallister']"
Sixième sens,1999,https://imdb.com/title/tt0167404/,Thriller,M. Night Shyamalan,"['Bruce Willis', 'Haley Joel Osment', 'Toni Collette', 'Olivia Williams', 'Trevor Morgan', 'Donnie Wahlberg', 'Peter Anthony Tambakis', 'Jeffrey Zubernis', 'Bruce Norris', 'Glenn Fitzgerald', 'Greg Wood', 'Mischa Barton', 'Angelica Page', 'Lisa Summerour', 'Firdous Bamji', 'Samia Shoaib', 'Hayden Saunier', 'Janis Dardaris']"
Un homme d'exception,2001,https://imdb.com/title/tt0268978/,Drama,Ron Howard,"['Russell Crowe', 'Ed Harris', 'Jennifer Connelly', 'Christopher Plummer', 'Paul Bettany', 'Adam Goldberg', 'Josh Lucas', 'Anthony Rapp', 'Jason Gray-Stanford', 'Judd Hirsch', 'Austin Pendleton', 'Vivien Cardone', 'Jillie Simon', 'Victor Steinbach', 'Tanya Clarke', 'Thomas F. Walsh', 'Jesse Doran', 'Kent Cassella']"
Everything Everywhere All at Once,2022,https://imdb.com/title/tt6710474/,Comedy,Dan KwanDaniel Scheinert,"['Michelle Yeoh', 'Stephanie Hsu', 'Ke Huy Quan', 'James Hong', 'Jamie Lee Curtis', 'Tallie Medel', 'Jenny Slate', 'Harry Shum Jr.', 'Randy Newman', 'Biff Wiff', 'Sunita Mani', 'Aaron Lazar', 'Brian Le', 'Andy Le', 'Narayana Cabral', 'Chelsey Goldsmith', 'Craig Henningsen', 'Anthony Molinari']"
Monty Python : Sacré Graal !,1975,https://imdb.com/title/tt0071853/,Fantasy,Terry GilliamTerry Jones,"['Graham Chapman', 'John Cleese', 'Eric Idle', 'Terry Gilliam', 'Terry Jones', 'Michael Palin', 'Connie Booth', 'Carol Cleveland', 'Neil Innes', 'Bee Duffell', 'John Young', 'Rita Davies', 'Avril Stewart', 'Sally Kinghorn', 'Mark Zycon', 'Elspeth Cameron', 'Mitsuko Forstater', 'Sandy Johnson']"
The Truman Show,1998,https://imdb.com/title/tt0120382/,Drama,Peter Weir,"['Jim Carrey', 'Ed Harris', 'Laura Linney', 'Noah Emmerich', 'Natascha McElhone', 'Holland Taylor', 'Brian Delate', 'Blair Slater', 'Peter Krause', 'Heidi Schanz', 'Ron Taylor', 'Don Taylor', 'Ted Raymond', 'Judy Clayton', 'Fritz Dominique', 'Angel Schmiedt', 'Nastassja Schmiedt', 'Muriel Moore']"
Le garde du corps,1961,https://imdb.com/title/tt0055630/,Thriller,Akira Kurosawa,"['Toshirô Mifune', 'Eijirô Tôno', 'Tatsuya Nakadai', 'Yôko Tsukasa', 'Isuzu Yamada', 'Daisuke Katô', 'Seizaburô Kawazu', 'Takashi Shimura', 'Hiroshi Tachikawa', 'Yôsuke Natsuki', 'Kamatari Fujiwara', 'Ikio Sawamura', 'Atsushi Watanabe', 'Susumu Fujita', 'Kyû Sazanka', 'Kô Nishimura', 'Takeshi Katô', 'Ichirô Nakatani']"
Le Trésor de la Sierra Madre,1948,https://imdb.com/title/tt0040897/,Western,John Huston,"['Humphrey Bogart', 'Walter Huston', 'Tim Holt', 'Bruce Bennett', 'Barton MacLane', 'Alfonso Bedoya', 'Arturo Soto Rangel', 'Manuel Dondé', 'José Torvay', 'Margarito Luna', 'Robert Blake', 'Guillermo Calles', 'Roberto Cañedo', 'Spencer Chan', 'Jacqueline Dalya', 'Ralph Dunn', 'Ernesto Escoto', 'Pat Flaherty']"
Shutter Island,2010,https://imdb.com/title/tt1130884/,Thriller,Martin Scorsese,"['Leonardo DiCaprio', 'Emily Mortimer', 'Mark Ruffalo', 'Ben Kingsley', 'Max von Sydow', 'Michelle Williams', 'Patricia Clarkson', 'Jackie Earle Haley', 'Ted Levine', 'John Carroll Lynch', 'Elias Koteas', 'Robin Bartlett', 'Christopher Denham', 'Nellie Sciutto', 'Joseph Sikora', 'Curtiss Cook', 'Raymond Anthony Thomas', 'Joseph McKenna']"
Rashomon,1950,https://imdb.com/title/tt0042876/,Mystery,Akira Kurosawa,"['Toshirô Mifune', 'Machiko Kyô', 'Masayuki Mori', 'Takashi Shimura', 'Minoru Chiaki', 'Kichijirô Ueda', 'Noriko Honma', 'Daisuke Katô']"
Jurassic Park,1993,https://imdb.com/title/tt0107290/,Sci-Fi,Steven Spielberg,"['Sam Neill', 'Laura Dern', 'Jeff Goldblum', 'Richard Attenborough', 'Bob Peck', 'Martin Ferrero', 'BD Wong', 'Joseph Mazzello', 'Ariana Richards', 'Samuel L. Jackson', 'Wayne Knight', 'Gerald R. Molen', 'Miguel Sandoval', 'Cameron Thor', 'Christopher John Fields', 'Whit Hertford', 'Dean Cundey', 'Jophery C. Brown']"
La Grande Évasion,1963,https://imdb.com/title/tt0057115/,History,John Sturges,"['Steve McQueen', 'James Garner', 'Richard Attenborough', 'Charles Bronson', 'James Donald', 'Donald Pleasence', 'James Coburn', 'Hannes Messemer', 'David McCallum', 'Gordon Jackson', 'John Leyton', 'Angus Lennie', 'Nigel Stock', 'Robert Graf', 'Jud Taylor', 'Hans Reiser', 'Harry Riebauer', 'William Russell']"
Kill Bill: Volume I,2003,https://imdb.com/title/tt0266697/,Drama,Quentin Tarantino,"['Uma Thurman', 'David Carradine', 'Daryl Hannah', 'Michael Madsen', 'Lucy Liu', 'Vivica A. Fox', 'Julie Dreyfus', 'Chiaki Kuriyama', ""Shin'ichi Chiba"", 'Chia-Hui Liu', 'Michael Parks', 'Michael Bowen', 'Jun Kunimura', 'Kenji Ohba', 'Yuki Kazamatsuri', 'James Parks', 'Sakichi Sato', 'Jonathan Loughran']"
No Country for Old Men,2007,https://imdb.com/title/tt0477348/,Thriller,Ethan CoenJoel Coen,"['Tommy Lee Jones', 'Javier Bardem', 'Josh Brolin', 'Woody Harrelson', 'Kelly Macdonald', 'Garret Dillahunt', 'Tess Harper', 'Barry Corbin', 'Stephen Root', 'Rodger Boyce', 'Beth Grant', 'Ana Reeder', 'Kit Gwin', 'Zach Hopkins', 'Chip Love', 'Eduardo Antonio Garcia', 'Gene Jones', 'Myk Watford']"
Le Monde de Nemo,2003,https://imdb.com/title/tt0266543/,Comedy,Andrew StantonLee Unkrich,"['Albert Brooks', 'Ellen DeGeneres', 'Alexander Gould', 'Willem Dafoe', 'Brad Garrett', 'Allison Janney', 'Austin Pendleton', 'Stephen Root', 'Vicki Lewis', 'Joe Ranft', 'Geoffrey Rush', 'Andrew Stanton', 'Elizabeth Perkins', 'Nicholas Bird', 'Bob Peterson', 'Barry Humphries', 'Eric Bana', 'Bruce Spence']"
Elephant Man,1980,https://imdb.com/title/tt0080678/,Drama,David Lynch,"['Anthony Hopkins', 'John Hurt', 'Anne Bancroft', 'John Gielgud', 'Wendy Hiller', 'Freddie Jones', 'Michael Elphick', 'Hannah Gordon', 'Helen Ryan', 'John Standing', 'Dexter Fletcher', 'Lesley Dunlop', 'Phoebe Nicholls', 'Pat Gorman', 'Claire Davenport', 'Orla Pederson', 'Patsy Smart', 'Frederick Treves']"
Chinatown,1974,https://imdb.com/title/tt0071315/,Thriller,Roman Polanski,"['Jack Nicholson', 'Faye Dunaway', 'John Huston', 'Perry Lopez', 'John Hillerman', 'Darrell Zwerling', 'Diane Ladd', 'Roy Jenson', 'Roman Polanski', 'Richard Bakalyan', 'Joe Mantell', 'Bruce Glover', 'Nandu Hinds', ""James O'Rear"", 'James Hong', 'Beulah Quo', 'Jerry Fujikawa', 'Belinda Palmer']"
Raging Bull,1980,https://imdb.com/title/tt0081398/,Sport,Martin Scorsese,"['Robert De Niro', 'Cathy Moriarty', 'Joe Pesci', 'Frank Vincent', 'Nicholas Colasanto', 'Theresa Saldana', 'Mario Gallo', 'Frank Adonis', 'Joseph Bono', 'Frank Topham', 'Lori Anne Flax', 'Charles Scorsese', 'Don Dunphy', 'Bill Hanrahan', 'Rita Bennett', 'James V. Christy', 'Bernie Allen', 'Floyd Anderson']"
Autant en emporte le vent,1939,https://imdb.com/title/tt0031381/,War,Victor FlemingGeorge Cukor(uncredited)Sam Wood(uncredited),"['Clark Gable', 'Vivien Leigh', 'Thomas Mitchell', ""Barbara O'Neil"", 'Evelyn Keyes', 'Ann Rutherford', 'George Reeves', 'Fred Crane', 'Hattie McDaniel', 'Oscar Polk', 'Butterfly McQueen', 'Victor Jory', 'Everett Brown', 'Howard Hickman', 'Alicia Rhett', 'Leslie Howard', 'Olivia de Havilland', 'Rand Brooks']"
V pour vendetta,2005,https://imdb.com/title/tt0434409/,Sci-Fi,James McTeigue,"['Hugo Weaving', 'Natalie Portman', 'Rupert Graves', 'Stephen Rea', 'Stephen Fry', 'John Hurt', 'Tim Pigott-Smith', 'Roger Allam', 'Ben Miles', 'Sinéad Cusack', 'Natasha Wightman', 'John Standing', 'Eddie Marsan', 'Clive Ashborn', 'Emma Field-Rayner', 'Ian Burfield', 'Mark Phoenix', 'Alister Mazzotti']"
The Thing,1982,https://imdb.com/title/tt0084787/,Sci-Fi,John Carpenter,"['Kurt Russell', 'Wilford Brimley', 'Keith David', 'Richard Masur', 'T.K. Carter', 'David Clennon', 'Richard Dysart', 'Charles Hallahan', 'Peter Maloney', 'Donald Moffat', 'Joel Polis', 'Thomas G. Waites', 'Norbert Weisser', 'Larry Franco', 'Nate Irwin', 'William Zeman', 'Adrienne Barbeau', 'John Carpenter']"
Vice-versa,2015,https://imdb.com/title/tt2096673/,Comedy,Pete DocterRonnie Del Carmen,"['Amy Poehler', 'Bill Hader', 'Lewis Black', 'Mindy Kaling', 'Phyllis Smith', 'Richard Kind', 'Kaitlyn Dias', 'Diane Lane', 'Kyle MacLachlan', 'Paula Poundstone', 'Bobby Moynihan', 'Paula Pell', 'Dave Goelz', 'Frank Oz', 'Josh Cooley', 'Flea', 'John Ratzenberger', 'Carlos Alazraqui']"
"Arnaques, crimes et botanique",1998,https://imdb.com/title/tt0120735/,Crime,Guy Ritchie,"['Jason Flemyng', 'Dexter Fletcher', 'Nick Moran', 'Jason Statham', 'Steven Mackintosh', 'Nicholas Rowe', 'Nick Marcq', 'Charles Forbes', 'Vinnie Jones', 'Lenny McLean', 'Peter McNicholl', 'P.H. Moriarty', 'Frank Harper', 'Steve Sweeney', 'Huggy Leaver', 'Ronnie Fox', 'Tony McMahon', 'Stephen Marcus']"
Le crime était presque parfait,1954,https://imdb.com/title/tt0046912/,Thriller,Alfred Hitchcock,"['Ray Milland', 'Grace Kelly', 'Robert Cummings', 'John Williams', 'Anthony Dawson', 'Leo Britt', 'Patrick Allen', 'George Leigh', 'George Alderson', 'Robin Hughes', 'Richard Bender', 'Robin Sanders Clark', 'Jack Cunningham', 'Robert Dobson', 'Guy Doleman', 'Bess Flowers', 'Robert Garvin', 'Herschel Graham']"
Dans ses yeux,2009,https://imdb.com/title/tt1305806/,Romance,Juan José Campanella,"['Ricardo Darín', 'Soledad Villamil', 'Pablo Rago', 'Carla Quevedo', 'Javier Godino', 'Bárbara Palladino', 'Rudy Romano', 'Alejandro Abelenda', 'Mario Alarcón', 'Guillermo Francella', 'Sebastián Blanco', 'Mariano Argento', 'José Luis Gioia', 'Juan José Ortíz', 'Kiko Cerone', 'Fernando Pardo', 'Maximiliano Trento', 'Sergio López Santana']"
Le pont de la rivière Kwaï,1957,https://imdb.com/title/tt0050212/,War,David Lean,"['William Holden', 'Alec Guinness', 'Jack Hawkins', 'Sessue Hayakawa', 'James Donald', 'Geoffrey Horne', 'André Morell', 'Peter Williams', 'John Boxer', 'Percy Herbert', 'Harold Goodwin', 'Ann Sears', 'Heihachirô Ôkawa', 'Keiichirô Katsumoto', 'M.R.B. Chakrabandhu', 'Vilaiwan Seeboonreaung', 'Ngamta Suphaphongs', 'Javanart Punynchoti']"
Le château ambulant,2004,https://imdb.com/title/tt0347149/,Family,Hayao Miyazaki,"['Chieko Baishô', 'Takuya Kimura', 'Tatsuya Gashûin', 'Akihiro Miwa', 'Ryûnosuke Kamiki', 'Mitsunori Isaki', 'Yô Ôizumi', 'Akio Ôtsuka', 'Daijirô Harada', 'Haruko Katô', 'Jean Simmons', 'Christian Bale', 'Lauren Bacall', 'Blythe Danner', 'Emily Mortimer', 'Josh Hutcherson', 'Billy Crystal', 'Jena Malone']"
3 Billboards: Les panneaux de la vengeance,2017,https://imdb.com/title/tt5027774/,Drama,Martin McDonagh,"['Frances McDormand', 'Woody Harrelson', 'Sam Rockwell', 'Caleb Landry Jones', 'Kerry Condon', 'Alejandro Barrios', 'Jason Ledford', 'Darrell Britt-Gibson', 'Abbie Cornish', 'Riya May Atwood', 'Selah Atwood', 'Lucas Hedges', 'Zeljko Ivanek', 'Amanda Warren', 'Malaya Rivera Drew', 'Sandy Martin', 'Peter Dinklage', 'Christopher Berry']"
Trainspotting,1996,https://imdb.com/title/tt0117951/,Drama,Danny Boyle,"['Ewan McGregor', 'Ewen Bremner', 'Jonny Lee Miller', 'Kevin McKidd', 'Robert Carlyle', 'Kelly Macdonald', 'Peter Mullan', 'James Cosmo', 'Eileen Nicholas', 'Susan Vidler', 'Pauline Lynch', 'Shirley Henderson', 'Stuart McQuarrie', 'Irvine Welsh', 'Dale Winton', 'Keith Allen', 'Kevin Allen', 'Annie Louise Ross']"
Warrior,2011,https://imdb.com/title/tt1291584/,Sport,Gavin O'Connor,"['Tom Hardy', 'Nick Nolte', 'Joel Edgerton', 'Jennifer Morrison', 'Frank Grillo', 'Kevin Dunn', 'Maximiliano Hernández', 'Bryan Callen', 'Sam Sheridan', 'Fernando Chien', 'Jake McLaughlin', 'Vanessa Martinez', 'Denzel Whitaker', 'Carlos Miranda', 'Nick Lehane', 'Laura Chinn', 'Capri Thomas', 'Lexi Cowan']"
Gran Torino,2008,https://imdb.com/title/tt1205489/,Drama,Clint Eastwood,"['Clint Eastwood', 'Bee Vang', 'Christopher Carley', 'Ahney Her', 'Brian Haley', 'Geraldine Hughes', 'Dreama Walker', 'Brian Howe', 'John Carroll Lynch', 'William Hill', 'Brooke Chia Thao', 'Chee Thao', 'Choua Kue', 'Scott Eastwood', 'Xia Soua Chang', 'Sonny Vue', 'Doua Moua', 'Greg Trzaskoma']"
Fargo,1996,https://imdb.com/title/tt0116282/,Thriller,Joel CoenEthan Coen(uncredited),"['William H. Macy', 'Frances McDormand', 'Steve Buscemi', 'Peter Stormare', 'Kristin Rudrüd', 'Harve Presnell', 'Tony Denman', 'Gary Houston', 'Sally Wingert', 'Kurt Schweickhardt', 'Larissa Kokernot', 'Melissa Peterman', 'Steve Reevis', 'Warren Keith', 'Steve Edelman', 'Sharon Anderson', 'Larry Brandenburg', 'James Gaulke']"
Prisoners,2013,https://imdb.com/title/tt1392214/,Mystery,Denis Villeneuve,"['Hugh Jackman', 'Jake Gyllenhaal', 'Viola Davis', 'Melissa Leo', 'Maria Bello', 'Terrence Howard', 'Paul Dano', 'Dylan Minnette', 'Zoë Soul', 'Erin Gerasimovich', 'Kyla-Drew', 'Wayne Duvall', 'Len Cariou', 'David Dastmalchian', 'Brad James', 'Anthony Reynolds', 'Robert C. Treveiler', 'Sandra Ellis Lafferty']"
Mon voisin Totoro,1988,https://imdb.com/title/tt0096283/,Family,Hayao Miyazaki,"['Hitoshi Takagi', 'Noriko Hidaka', 'Chika Sakamoto', 'Shigesato Itoi', 'Sumi Shimamoto', 'Tanie Kitabayashi', 'Yûko Maruyama', 'Machiko Washio', 'Reiko Suzuki', 'Masashi Hirose', 'Toshiyuki Amagasa', 'Shigeru Chiba', 'Naoki Tatsuta', 'Tarako', 'Tomohiro Nishimura', 'Mitsuko Ishida', 'Chie Kôjiro', 'Daiki Nakamura']"
Million Dollar Baby,2004,https://imdb.com/title/tt0405159/,Sport,Clint Eastwood,"['Hilary Swank', 'Clint Eastwood', 'Morgan Freeman', 'Jay Baruchel', 'Mike Colter', 'Lucia Rijker', ""Brían F. O'Byrne"", 'Anthony Mackie', 'Margo Martindale', 'Riki Lindhome', 'Michael Peña', 'Benito Martinez', 'Bruce MacVittie', 'David Powledge', ""Joe D'Angerio"", 'Marcus Chait', 'Tom McCleister', 'Erica Grant']"
La ruée vers l'or,1925,https://imdb.com/title/tt0015864/,Drama,Charles Chaplin,"['Charles Chaplin', 'Mack Swain', 'Tom Murray', 'Henry Bergman', 'Malcolm Waite', 'Georgia Hale', 'Jack Adams', 'Frank Aderias', 'Leona Aderias', 'Lillian Adrian', 'Sam Allen', 'Claude Anderson', 'Harry Arras', 'Albert Austin', 'Marta Belfort', 'William Bell', 'Francis Bernhardt', 'F.J. Beuaregard']"
Blade Runner,1982,https://imdb.com/title/tt0083658/,Sci-Fi,Ridley Scott,"['Harrison Ford', 'Rutger Hauer', 'Sean Young', 'Edward James Olmos', 'M. Emmet Walsh', 'Daryl Hannah', 'William Sanderson', 'Brion James', 'Joe Turkel', 'Joanna Cassidy', 'James Hong', 'Morgan Paull', 'Kevin Thompson', 'John Edward Allen', 'Hy Pyke', 'Kimiko Hiroshige', 'Bob Okazaki', 'Carolyn DeMirjian']"
Arrête-moi si tu peux,2002,https://imdb.com/title/tt0264464/,Drama,Steven Spielberg,"['Leonardo DiCaprio', 'Tom Hanks', 'Christopher Walken', 'Martin Sheen', 'Nathalie Baye', 'Amy Adams', 'James Brolin', 'Brian Howe', 'Frank John Hughes', 'Steve Eastin', 'Chris Ellis', 'John Finn', 'Jennifer Garner', 'Nancy Lenehan', 'Ellen Pompeo', 'Elizabeth Banks', 'Guy Thauvette', 'Candice Azzara']"
Sur les quais...,1954,https://imdb.com/title/tt0047296/,Thriller,Elia Kazan,"['Marlon Brando', 'Karl Malden', 'Lee J. Cobb', 'Rod Steiger', 'Pat Henning', 'Leif Erickson', 'James Westerfield', 'Tony Galento', 'Tami Mauriello', 'John F. Hamilton', 'John Heldabrand', 'Rudy Bond', 'Don Blackman', 'Arthur Keegan', 'Abe Simon', 'Eva Marie Saint', 'Martin Balsam', 'Dan Bergin']"
Le troisième homme,1949,https://imdb.com/title/tt0041959/,Thriller,Carol Reed,"['Orson Welles', 'Joseph Cotten', 'Alida Valli', 'Trevor Howard', 'Paul Hörbiger', 'Ernst Deutsch', 'Erich Ponto', 'Siegfried Breuer', 'Hedwig Bleibtreu', 'Bernard Lee', 'Wilfrid Hyde-White', 'Nelly Arno', 'Jack Arrow', 'Harold Ayer', 'Harry Belcher', 'Leo Bieber', 'Paul Birch', 'Martin Boddey']"
Les enfants du ciel,1997,https://imdb.com/title/tt0118849/,Sport,Majid Majidi,"['Mohammad Amir Naji', 'Amir Farrokh Hashemian', 'Bahare Seddiqi', 'Nafise Jafar-Mohammadi', 'Fereshte Sarabandi', 'Kamal Mirkarimi', 'Behzad Rafi', 'Dariush Mokhtari', 'Mohammad-Hasan Hosseinian', 'Masume Dair', 'Kambiz Peykarnegar', 'Hasan Roohparvari', 'Abbas-Ali Roomandi', 'Jafar Seyfollahi', 'Qolamreza Maleki', 'Zahra Mirzai', 'Sara Zamani', 'Mohammad Haj-Hosseini']"
Ben-Hur,1959,https://imdb.com/title/tt0052618/,History,William Wyler,"['Charlton Heston', 'Jack Hawkins', 'Stephen Boyd', 'Haya Harareet', 'Hugh Griffith', 'Martha Scott', ""Cathy O'Donnell"", 'Sam Jaffe', 'Finlay Currie', 'Frank Thring', 'Terence Longdon', 'George Relph', 'André Morell', 'Nello Appodia', 'Fortunato Arena', 'Bruno Ariè', 'Les Ballets Africains', 'Emma Baron']"
12 Years a Slave,2013,https://imdb.com/title/tt2024544/,History,Steve McQueen,"['Chiwetel Ejiofor', 'Michael Kenneth Williams', 'Michael Fassbender', 'Brad Pitt', 'Dwight Henry', 'Dickie Gravois', 'Bryan Batt', 'Ashley Dyke', 'Kelsey Scott', 'Quvenzhané Wallis', 'Cameron Zeigler', 'Tony Bentley', 'Scoot McNairy', 'Taran Killam', 'Christopher Berry', 'Bill Camp', 'Mister Mackey Jr.', 'Chris Chalk']"
Le mécano de la Générale,1926,https://imdb.com/title/tt0017925/,Comedy,Clyde BruckmanBuster Keaton,"['Buster Keaton', 'Marion Mack', 'Glen Cavender', 'Jim Farley', 'Frederick Vroom', 'Frank Barnes', 'Charles Henry Smith', 'Joe Keaton', 'Mike Donlin', 'Tom Nawn', 'Henry Baird', 'Joe Bricher', 'Jimmy Bryant', 'Sergeant Bukowski', 'C.C. Cruson', 'Jack Dempster', 'Keith Fennell', 'Budd Fine']"
Before Sunrise,1995,https://imdb.com/title/tt0112471/,Romance,Richard Linklater,"['Ethan Hawke', 'Julie Delpy', 'Andrea Eckert', 'Hanno Pöschl', 'Karl Bruckschwaiger', 'Tex Rubinowitz', 'Erni Mangold', 'Dominik Castell', 'Haymon Maria Buttinger', 'Harald Waiglein', 'Bilge Jeschim', 'Kurti', 'Hans Weingartner', 'Liese Lyon', 'Peter Ily Huemer', 'Otto Reiter', 'Hubert Fabian Kulterer', 'Branko Andric']"
Gone Girl,2014,https://imdb.com/title/tt2267998/,Thriller,David Fincher,"['Ben Affleck', 'Rosamund Pike', 'Neil Patrick Harris', 'Tyler Perry', 'Carrie Coon', 'Kim Dickens', 'Patrick Fugit', 'David Clennon', 'Lisa Banes', 'Missi Pyle', 'Emily Ratajkowski', 'Casey Wilson', 'Lola Kirke', 'Boyd Holbrook', 'Sela Ward', 'Lee Norris', 'Jamie McShane', 'Leonard Kelly-Young']"
Les fraises sauvages,1957,https://imdb.com/title/tt0050986/,Romance,Ingmar Bergman,"['Victor Sjöström', 'Bibi Andersson', 'Ingrid Thulin', 'Gunnar Björnstrand', 'Jullan Kindahl', 'Folke Sundquist', 'Björn Bjelfvenstam', 'Naima Wifstrand', 'Gunnel Broström', 'Gertrud Fridh', 'Sif Ruud', 'Gunnar Sjöberg', 'Max von Sydow', 'Åke Fridell', 'Yngve Nordwall', 'Per Sjöstrand', 'Gio Petré', 'Gunnel Lindblom']"
Harry Potter et les Reliques de la Mort : partie 2,2011,https://imdb.com/title/tt1201607/,Mystery,David Yates,"['Daniel Radcliffe', 'Emma Watson', 'Rupert Grint', 'Michael Gambon', 'Ralph Fiennes', 'Alan Rickman', 'Evanna Lynch', 'Domhnall Gleeson', 'Clémence Poésy', 'Warwick Davis', 'John Hurt', 'Helena Bonham Carter', 'Graham Duff', 'Anthony Allgood', 'Rusty Goffe', 'Jon Key', 'Kelly Macdonald', 'Jason Isaacs']"
Voyage au bout de l'enfer,1978,https://imdb.com/title/tt0077416/,War,Michael Cimino,"['Robert De Niro', 'Christopher Walken', 'John Cazale', 'John Savage', 'Meryl Streep', 'George Dzundza', 'Chuck Aspegren', 'Shirley Stoler', 'Rutanya Alda', 'Pierre Segui', 'Mady Kaplan', 'Amy Wright', 'Mary Ann Haenel', 'Richard Kuss', 'Joe Grifasi', 'Christopher Colombi Jr.', 'Victoria Karnafel', 'Jack Scardino']"
Au nom du père,1993,https://imdb.com/title/tt0107207/,Drama,Jim Sheridan,"['Daniel Day-Lewis', 'Pete Postlethwaite', 'Alison Crosbie', 'Philip King', 'Emma Thompson', 'Nye Heron', 'Anthony Brophy', 'Frankie McCafferty', 'Paul Warriner', 'Julian Walsh', 'Stuart Wolfenden', 'Jo Connor', 'Karen Carlisle', 'Seamus Moran', 'Billy Byrne', 'Maureen McBride', 'Jane Nolan', 'Laurence Griffin']"
The Grand Budapest hotel,2014,https://imdb.com/title/tt2278388/,Crime,Wes Anderson,"['Ralph Fiennes', 'F. Murray Abraham', 'Mathieu Amalric', 'Adrien Brody', 'Willem Dafoe', 'Jeff Goldblum', 'Harvey Keitel', 'Jude Law', 'Bill Murray', 'Edward Norton', 'Saoirse Ronan', 'Jason Schwartzman', 'Léa Seydoux', 'Tilda Swinton', 'Tom Wilkinson', 'Owen Wilson', 'Tony Revolori', 'Larry Pine']"
Mr. Smith au sénat,1939,https://imdb.com/title/tt0031679/,Drama,Frank Capra,"['James Stewart', 'Jean Arthur', 'Claude Rains', 'Edward Arnold', 'Guy Kibbee', 'Thomas Mitchell', 'Eugene Pallette', 'Beulah Bondi', 'H.B. Warner', 'Harry Carey', 'Astrid Allwyn', 'Ruth Donnelly', 'Grant Mitchell', 'Porter Hall', 'H.V. Kaltenborn', 'Charles Lane', 'Pierre Watkin', 'Dick Elliott']"
Le salaire de la peur,1953,https://imdb.com/title/tt0046268/,Thriller,Henri-Georges Clouzot,"['Yves Montand', 'Charles Vanel', 'Peter van Eyck', 'Folco Lulli', 'Véra Clouzot', 'William Tubbs', 'Darío Moreno', 'Jo Dest', 'Antonio Centa', 'Luis De Lima', 'Grégoire Gromoff', 'Josep Palau i Fabre', 'Faustini', 'Seguna', 'Darling Légitimus', 'René Baranger', 'Pat Hurst', 'Evelio Larenagas']"
Barry Lyndon,1975,https://imdb.com/title/tt0072684/,War,Stanley Kubrick,"[""Ryan O'Neal"", 'Marisa Berenson', 'Patrick Magee', 'Hardy Krüger', 'Steven Berkoff', 'Gay Hamilton', 'Marie Kean', 'Diana Körner', 'Murray Melvin', 'Frank Middlemass', 'André Morell', ""Arthur O'Sullivan"", 'Godfrey Quigley', 'Leonard Rossiter', 'Philip Stone', 'Leon Vitali', 'John Bindon', 'Roger Booth']"
Sherlock Junior,1924,https://imdb.com/title/tt0015324/,Romance,Buster Keaton,"['Buster Keaton', 'Kathryn McGuire', 'Joe Keaton', 'Erwin Connelly', 'Ward Crane', 'Jane Connelly', 'George Davis', 'Doris Deane', 'Christine Francis', 'Betsy Ann Hisle', 'Kewpie Morgan', 'Steve Murphy', 'John Patrick', 'Ford West']"
Memories of Murder,2003,https://imdb.com/title/tt0353969/,Mystery,Bong Joon Ho,"['Song Kang-ho', 'Kim Sang-kyung', 'Roe-ha Kim', 'Jae-ho Song', 'Byun Hee-Bong', 'Seo-hie Ko', 'Tae-ho Ryu', 'No-shik Park', 'Park Hae-il', 'Mi-seon Jeon', 'Young-hwa Seo', 'Woo Go-na', 'Ok-joo Lee', 'Jong-ryol Choi', 'Seung-mok Yoo', 'Hun-Kyung Lee', 'Hyeon-jong Sin', 'Jae-eung Lee']"
La légende de Klaus,2019,https://imdb.com/title/tt4729430/,Comedy,Sergio PablosCarlos Martínez López,"['Jason Schwartzman', 'J.K. Simmons', 'Rashida Jones', 'Will Sasso', 'Neda Margrethe Labba', 'Sergio Pablos', 'Norm MacDonald', 'Joan Cusack', 'Evan Agos', 'Sky Alexis', 'Jaeden Bettencourt', 'Teddy Blum', 'Mila Brener', 'Sydney Brower', 'Finn Carr', 'Kendall Joy Hall', 'Hailey Hermida', 'Lexie Holland']"
Tu ne tueras point,2016,https://imdb.com/title/tt2119532/,History,Mel Gibson,"['Andrew Garfield', 'Sam Worthington', 'Luke Bracey', 'Teresa Palmer', 'Richard Pyros', 'Jacob Warner', 'Milo Gibson', 'Darcy Bryce', 'Roman Guerriero', 'James Lugton', 'Kasia Stelmach', 'Hugo Weaving', 'Rachel Griffiths', 'Jarin Towney', 'Tim McGarry', 'Tyler Coppin', 'Richard Platt', 'Nathaniel Buzolic']"
Room,2015,https://imdb.com/title/tt3170832/,Thriller,Lenny Abrahamson,"['Brie Larson', 'Jacob Tremblay', 'Sean Bridgers', 'Wendy Crewson', 'Sandy McMaster', 'Matt Gordon', 'Amanda Brugel', 'Joe Pingue', 'Joan Allen', 'Zarrin Darnell-Martin', 'Cas Anvar', 'William H. Macy', 'Jee-Yun Lee', 'Randal Edwards', 'Justin Mader', 'Ola Sturik', 'Rodrigo Fernandez-Stoll', ""Rory O'Shea""]"
Le septième sceau,1957,https://imdb.com/title/tt0050976/,Fantasy,Ingmar Bergman,"['Max von Sydow', 'Gunnar Björnstrand', 'Bengt Ekerot', 'Nils Poppe', 'Bibi Andersson', 'Inga Gill', 'Maud Hansson', 'Inga Landgré', 'Gunnel Lindblom', 'Bertil Anderberg', 'Anders Ek', 'Åke Fridell', 'Gunnar Olsson', 'Erik Strandmark', 'Siv Aleros', 'Sten Ardenstam', 'Harry Asklund', 'Benkt-Åke Benktsson']"
Les Nouveaux Sauvages,2014,https://imdb.com/title/tt3011894/,Thriller,Damián Szifron,"['Darío Grandinetti', 'María Marull', 'Mónica Villa', 'Diego Starosta', 'Marcelo Frasca', 'Lucila Mangone', 'María Laura Caccamo', 'Carlos Alberto Vavassori', 'Pablo Machado', 'Horacio Vay', 'Javier Pedersoli', 'Héctor Drachtman', 'María Rosa López Ottonello', 'Rita Cortese', 'Julieta Zylberberg', 'César Bordón', 'Juan Santiago Linari', 'Leonardo Sbaraglia']"
The Big Lebowski,1998,https://imdb.com/title/tt0118715/,Crime,Joel CoenEthan Coen(uncredited),"['Jeff Bridges', 'John Goodman', 'Julianne Moore', 'Steve Buscemi', 'David Huddleston', 'Philip Seymour Hoffman', 'Tara Reid', 'Philip Moon', 'Mark Pellegrino', 'Peter Stormare', 'Flea', 'Torsten Voges', 'Jimmie Dale Gilmore', 'Jack Kehler', 'John Turturro', 'James G. Hoosier', 'Carlos Leon', 'Terrence Burton']"
Mad Max: Fury Road,2015,https://imdb.com/title/tt1392190/,Sci-Fi,George Miller,"['Tom Hardy', 'Charlize Theron', 'Nicholas Hoult', 'Zoë Kravitz', 'Hugh Keays-Byrne', 'Josh Helman', 'Nathan Jones', 'Rosie Huntington-Whiteley', 'Riley Keough', 'Abbey Lee', 'Courtney Eaton', 'John Howard', 'Richard Carter', 'Iota', 'Angus Sampson', 'Jennifer Hagan', 'Megan Gale', 'Melissa Jaffer']"
Dragons,2010,https://imdb.com/title/tt0892769/,Adventure,Dean DeBloisChris Sanders,"['Jay Baruchel', 'Gerard Butler', 'Christopher Mintz-Plasse', 'Craig Ferguson', 'America Ferrera', 'Jonah Hill', 'T.J. Miller', 'Kristen Wiig', 'Robin Atkin Downes', 'Philip McGrade', 'Kieron Elliott', 'Ashley Jensen', 'David Tennant']"
Mary et Max.,2009,https://imdb.com/title/tt0978762/,Drama,Adam Elliot,"['Toni Collette', 'Philip Seymour Hoffman', 'Eric Bana', 'Barry Humphries', 'Christopher Massey', 'Oliver Marks', 'Daisy Kocher', 'Daniel Marks', 'Hamish Hughes', 'Dan Doherty', 'Julie Forsyth', 'Mandy Mao', 'Patrick McCabe', 'Adam Elliot', 'Mr. Peck', 'Michael James Allen', 'Bill Murphy', 'Shaun Patten']"
Monstres & Cie,2001,https://imdb.com/title/tt0198781/,Comedy,Pete DocterDavid SilvermanLee Unkrich,"['Billy Crystal', 'John Goodman', 'Mary Gibbs', 'Steve Buscemi', 'James Coburn', 'Jennifer Tilly', 'Bob Peterson', 'John Ratzenberger', 'Frank Oz', 'Daniel Gerson', 'Steve Susskind', 'Bonnie Hunt', 'Jeff Pidgeon', 'Samuel Lord Black', 'Jack Angel', 'Bob Bergen', 'Rodger Bumpass', 'Gino Conforti']"
Les Dents de la mer,1975,https://imdb.com/title/tt0073195/,Thriller,Steven Spielberg,"['Roy Scheider', 'Robert Shaw', 'Richard Dreyfuss', 'Lorraine Gary', 'Murray Hamilton', 'Carl Gottlieb', 'Jeffrey Kramer', 'Susan Backlinie', 'Jonathan Filley', 'Ted Grossman', 'Chris Rebello', 'Jay Mello', 'Lee Fierro', 'Jeffrey Voorhees', 'Craig Kingsbury', 'Robert Nevin', 'Peter Benchley', 'Jonathan Searle']"
La passion de Jeanne d'Arc,1928,https://imdb.com/title/tt0019254/,History,Carl Theodor Dreyer,"['Maria Falconetti', 'Eugene Silvain', 'André Berley', 'Maurice Schutz', 'Antonin Artaud', 'Michel Simon', ""Jean d'Yd"", 'Louis Ravet', 'Armand Lurville', 'Jacques Arnna', 'Alexandre Mihalesco', 'Léon Larive', 'Jean Aymé', 'Gilbert Dacheux', 'Gilbert Dalleu', 'Paul Delauzac', 'Dimitri Dimitriev', 'Fournez-Goffard']"
Le Cercle des poètes disparus,1989,https://imdb.com/title/tt0097165/,Drama,Peter Weir,"['Robin Williams', 'Robert Sean Leonard', 'Ethan Hawke', 'Josh Charles', 'Gale Hansen', 'Dylan Kussman', 'Allelon Ruggiero', 'James Waterston', 'Norman Lloyd', 'Kurtwood Smith', 'Carla Belver', 'Leon Pownall', 'George Martin', 'Joe Aufiery', 'Matt Carey', 'Kevin Cooney', 'Jane Moore', 'Lara Flynn Boyle']"
Hôtel Rwanda,2004,https://imdb.com/title/tt0395169/,History,Terry George,"['Don Cheadle', 'Sophie Okonedo', 'Joaquin Phoenix', 'Xolani Mali', 'Desmond Dube', 'Hakeem Kae-Kazim', 'Tony Kgoroge', 'Rosie Motene', 'Neil McCarthy', ""Mabutho 'Kid' Sithole"", 'Nick Nolte', 'Fana Mokoena', 'Jeremiah Ndlovu', 'Lebo Mashile', 'Antonio David Lyons', 'Leleti Khumalo', 'Kgomotso Seitshohlo', 'Lerato Mokgotho']"
Voyage à Tokyo,1953,https://imdb.com/title/tt0046438/,Drama,Yasujirô Ozu,"['Chishû Ryû', 'Chieko Higashiyama', 'Sô Yamamura', 'Setsuko Hara', 'Haruko Sugimura', 'Kuniko Miyake', 'Kyôko Kagawa', 'Eijirô Tôno', 'Nobuo Nakamura', 'Shirô Ôsaka', 'Hisao Toake', 'Teruko Nagaoka', 'Mutsuko Sakura', 'Toyo Takahashi', 'Tôru Abe', 'Sachiko Mitani', 'Zen Murase', 'Mitsuhiro Môri']"
La complainte du sentier,1955,https://imdb.com/title/tt0048473/,Drama,Satyajit Ray,"['Kanu Bannerjee', 'Karuna Bannerjee', 'Subir Banerjee', 'Chunibala Devi', 'Uma Das Gupta', 'Runki Banerjee', 'Reba Devi', 'Aparna Devi', 'Tulsi Chakraborty', 'Haren Banerjee', 'Rampada Das', 'Nibhanani Devi', 'Rama Gangopadhaya', 'Roma Ganguli', 'Binoy Mukherjee', 'Haridhan Nag', 'Harimohan Nag', 'Kshirod Roy']"
Rocky,1976,https://imdb.com/title/tt0075148/,Sport,John G. Avildsen,"['Sylvester Stallone', 'Talia Shire', 'Burt Young', 'Carl Weathers', 'Burgess Meredith', 'Thayer David', 'Joe Spinell', 'Jimmy Gambina', 'Bill Baldwin', 'Al Silvani', 'George Memmoli', 'Jodi Letizia', 'Diana Lewis', ""George O'Hanlon"", 'Larry Carroll', 'Stan Shaw', 'Don Sherman', 'Billy Sands']"
Platoon,1986,https://imdb.com/title/tt0091763/,War,Oliver Stone,"['Charlie Sheen', 'Tom Berenger', 'Willem Dafoe', 'Keith David', 'Forest Whitaker', 'Francesco Quinn', 'Kevin Dillon', 'John C. McGinley', 'Reggie Johnson', 'Mark Moses', 'Corey Glover', 'Johnny Depp', 'Chris Pedersen', 'Bob Orwig', 'Corkey Ford', 'David Neidorf', 'Richard Edson', 'Tony Todd']"
Le Mans '66,2019,https://imdb.com/title/tt1950186/,Drama,James Mangold,"['Matt Damon', 'Christian Bale', 'Jon Bernthal', 'Caitríona Balfe', 'Josh Lucas', 'Noah Jupe', 'Tracy Letts', 'Remo Girone', 'Ray McKinnon', 'JJ Feild', 'Jack McMullen', 'Corrado Invernizzi', 'Joe Williamson', 'Ian Harding', 'Christopher Darga', 'Shawn Law', 'Emil Beheshti', 'Darrin Prescott']"
Stand by Me : Compte sur moi,1986,https://imdb.com/title/tt0092005/,Drama,Rob Reiner,"['Wil Wheaton', 'River Phoenix', 'Corey Feldman', ""Jerry O'Connell"", 'Kiefer Sutherland', 'Casey Siemaszko', 'Gary Riley', 'Bradley Gregg', 'Jason Oliver Lipsett', 'Marshall Bell', 'Frances Lee McCain', 'Bruce Kirby', 'William Bronder', 'Scott Beach', 'Richard Dreyfuss', 'John Cusack', 'Madeleine Swift', 'Popeye']"
Terminator,1984,https://imdb.com/title/tt0088247/,Sci-Fi,James Cameron,"['Arnold Schwarzenegger', 'Linda Hamilton', 'Michael Biehn', 'Paul Winfield', 'Lance Henriksen', 'Rick Rossovich', 'Bess Motta', 'Earl Boen', 'Dick Miller', 'Shawn Schepps', 'Bruce M. Kerner', 'Franco Columbu', 'Bill Paxton', 'Brad Rearden', 'Brian Thompson', 'William Wisher', 'Ken Fritz', 'Tom Oberhaus']"
Spotlight,2015,https://imdb.com/title/tt1895587/,Drama,Tom McCarthy,"['Mark Ruffalo', 'Michael Keaton', 'Rachel McAdams', 'Liev Schreiber', 'John Slattery', ""Brian d'Arcy James"", 'Stanley Tucci', 'Elena Wohl', 'Gene Amoroso', 'Doug Murray', 'Sharon McFarlane', 'Jamey Sheridan', 'Neal Huff', 'Billy Crudup', 'Robert B. Kennedy', 'Duane Murray', 'Brian Chamberlain', 'Michael Cyril Creighton']"
Rush,2013,https://imdb.com/title/tt1979320/,Drama,Ron Howard,"['Daniel Brühl', 'Chris Hemsworth', 'Olivia Wilde', 'Alexandra Maria Lara', 'Pierfrancesco Favino', 'David Calder', 'Natalie Dormer', 'Stephen Mangan', 'Christian McKay', 'Alistair Petrie', 'Julian Rhind-Tutt', 'Colin Stinton', 'Jamie de Courcey', 'Augusto Dallara', 'Ilario Calvo', 'Patrick Baladi', 'Vincent Riotta', 'Martin Savage']"
Network - Main basse sur la TV,1976,https://imdb.com/title/tt0074958/,Drama,Sidney Lumet,"['Faye Dunaway', 'William Holden', 'Peter Finch', 'Robert Duvall', 'Wesley Addy', 'Ned Beatty', 'Arthur Burghardt', 'Bill Burrows', 'John Carpenter', 'Jordan Charney', 'Kathy Cronkite', 'Ed Crowley', 'Jerome Dempsey', 'Conchata Ferrell', 'Gene Gross', 'Stanley Grover', 'Cindy Grover', 'Darryl Hickman']"
Into the Wild,2007,https://imdb.com/title/tt0758758/,Drama,Sean Penn,"['Emile Hirsch', 'Vince Vaughn', 'Catherine Keener', 'Marcia Gay Harden', 'William Hurt', 'Jena Malone', 'Brian H. Dierker', 'Kristen Stewart', 'Hal Holbrook', 'Jim Gallien', ""James O'Neill"", 'Malinda McCollum', 'Paul Knauls', 'Zach Galifianakis', 'Craig Mutsch', 'Jim Beidler', 'John Decker', 'John Hofer']"
Logan,2017,https://imdb.com/title/tt3315342/,Sci-Fi,James Mangold,"['Hugh Jackman', 'Patrick Stewart', 'Dafne Keen', 'Boyd Holbrook', 'Stephen Merchant', 'Elizabeth Rodriguez', 'Richard E. Grant', 'Eriq La Salle', 'Elise Neal', 'Quincy Fouse', 'Al Coronel', 'Frank Gallegos', 'Anthony Escobar', 'Reynaldo Gallegos', 'Krzysztof Soszynski', 'Stephen Dunlevy', 'Daniel Bernhardt', 'Ryan Sturz']"
Le magicien d'Oz,1939,https://imdb.com/title/tt0032138/,Fantasy,Victor FlemingGeorge Cukor(uncredited)Mervyn LeRoy(uncredited),"['Judy Garland', 'Frank Morgan', 'Ray Bolger', 'Bert Lahr', 'Jack Haley', 'Billie Burke', 'Margaret Hamilton', 'Charley Grapewin', 'Pat Walshe', 'Clara Blandick', 'Terry', 'The Singer Midgets', 'Franz Balluck', 'Josefine Balluck', 'Dorothy Barrett', 'Amelia Batchelor', 'Charles Becker', 'Freda Betsky']"
Ratatouille,2007,https://imdb.com/title/tt0382932/,Comedy,Brad BirdJan Pinkava,"['Brad Garrett', 'Lou Romano', 'Patton Oswalt', 'Ian Holm', 'Brian Dennehy', 'Peter Sohn', ""Peter O'Toole"", 'Janeane Garofalo', 'Will Arnett', 'Julius Callahan', 'James Remar', 'John Ratzenberger', 'Teddy Newton', 'Tony Fucile', 'Jake Steinfeld', 'Brad Bird', 'Stéphane Roux', 'Jack Bird']"
Un jour sans fin,1993,https://imdb.com/title/tt0107048/,Fantasy,Harold Ramis,"['Bill Murray', 'Andie MacDowell', 'Chris Elliott', 'Stephen Tobolowsky', 'Brian Doyle-Murray', 'Marita Geraghty', 'Angela Paton', 'Rick Ducommun', 'Rick Overton', 'Robin Duke', 'Carol Bivins', 'Willie Garson', 'Ken Hudson Campbell', 'Les Podewell', 'Rod Sell', 'Tom Milanovich', 'John M. Watson Sr.', 'Peggy Roeder']"
Before Sunset,2004,https://imdb.com/title/tt0381681/,Romance,Richard Linklater,"['Ethan Hawke', 'Julie Delpy', 'Vernon Dobtcheff', 'Louise Lemoine Torrès', 'Rodolphe Pauly', 'Mariane Plasteig', 'Diabolo', 'Denis Evrard', 'Albert Delpy', 'Marie Pillet']"
L'Exorciste,1973,https://imdb.com/title/tt0070047/,Horror,William Friedkin,"['Ellen Burstyn', 'Max von Sydow', 'Linda Blair', 'Lee J. Cobb', 'Kitty Winn', 'Jack MacGowran', 'Jason Miller', ""William O'Malley"", 'Barton Heyman', 'Peter Masterson', 'Rudolf Schündler', 'Gina Petrushka', 'Robert Symonds', 'Arthur Storch', 'Thomas Bermingham', 'Vasiliki Maliaros', 'Titos Vandis', 'John Mahon']"
Les Plus Belles Années de notre vie,1946,https://imdb.com/title/tt0036868/,War,William Wyler,"['Myrna Loy', 'Dana Andrews', 'Fredric March', 'Teresa Wright', 'Virginia Mayo', ""Cathy O'Donnell"", 'Hoagy Carmichael', 'Harold Russell', 'Gladys George', 'Roman Bohnen', 'Ray Collins', 'Minna Gombell', 'Walter Baldwin', 'Steve Cochran', 'Dorothy Adams', 'Don Beddoe', 'Marlene Aames', 'Charles Halton']"
Les Indestructibles,2004,https://imdb.com/title/tt0317705/,Adventure,Brad Bird,"['Craig T. Nelson', 'Samuel L. Jackson', 'Holly Hunter', 'Jason Lee', 'Dominique Louis', 'Teddy Newton', 'Jean Sincere', 'Eli Fucile', 'Maeve Andrews', 'Wallace Shawn', 'Spencer Fox', 'Lou Romano', 'Wayne Canney', 'Sarah Vowell', 'Michael Bird', 'Elizabeth Peña', 'Bud Luckey', 'Brad Bird']"
Jeux dangereux,1942,https://imdb.com/title/tt0035446/,War,Ernst Lubitsch,"['Carole Lombard', 'Jack Benny', 'Robert Stack', 'Felix Bressart', 'Lionel Atwill', 'Stanley Ridges', 'Sig Ruman', 'Tom Dugan', 'Charles Halton', 'George Lynn', 'Henry Victor', 'Maude Eburne', 'Halliwell Hobbes', 'Miles Mander', 'Rudolph Anders', 'Paul Barrett', 'Sven Hugo Borg', 'Danny Borzage']"
Rebecca,1940,https://imdb.com/title/tt0032976/,Mystery,Alfred Hitchcock,"['Laurence Olivier', 'Joan Fontaine', 'George Sanders', 'Judith Anderson', 'Nigel Bruce', 'Reginald Denny', 'C. Aubrey Smith', 'Gladys Cooper', 'Florence Bates', 'Melville Cooper', 'Leo G. Carroll', 'Leonard Carey', 'Lumsden Hare', 'Edward Fielding', 'Philip Winter', 'Forrester Harvey', 'Bunny Beatty', 'Billy Bevan']"
Les raisins de la colère,1940,https://imdb.com/title/tt0032551/,Drama,John Ford,"['Henry Fonda', 'Jane Darwell', 'John Carradine', 'Charley Grapewin', 'Dorris Bowdon', 'Russell Simpson', 'O.Z. Whitehead', 'John Qualen', 'Eddie Quillan', 'Zeffie Tilbury', 'Frank Sully', 'Frank Darien', 'Darryl Hickman', 'Shirley Mills', 'Roger Imhof', 'Grant Mitchell', 'Charles D. Brown', 'John Arledge']"
La bataille d'Alger,1966,https://imdb.com/title/tt0058946/,War,Gillo Pontecorvo,"['Brahim Hadjadj', 'Jean Martin', 'Yacef Saadi', 'Samia Kerbash', 'Ugo Paletti', 'Fusia El Kader', 'Mohamed Ben Kassen', 'Franco Moruzzi', 'Tommaso Neri', 'Rouïched', 'Gene Wesson']"
Hatchi,2009,https://imdb.com/title/tt1028532/,Family,Lasse Hallström,"['Richard Gere', 'Joan Allen', 'Cary-Hiroyuki Tagawa', 'Sarah Roemer', 'Jason Alexander', 'Erick Avari', 'Davenia McFadden', 'Robbie Sublett', 'Kevin DeCoste', 'Rob Degnan', 'Tora Hallström', 'Donna Sorbello', 'Frank S. Aronson', 'Troy Doherty', 'Ian Sherman', 'Timothy Crowe', 'Denece Ryland', 'Blake Friedman']"
Luke la main froide,1967,https://imdb.com/title/tt0061512/,Drama,Stuart Rosenberg,"['Paul Newman', 'George Kennedy', 'Strother Martin', 'J.D. Cannon', 'Lou Antonio', 'Robert Drivas', 'Jo Van Fleet', 'Clifton James', 'Morgan Woodward', 'Luke Askew', 'Marc Cavell', 'Richard Davalos', 'Robert Donner', 'Warren Finnerty', 'Dennis Hopper', 'John McLiam', 'Wayne Rogers', 'Harry Dean Stanton']"
Amours chiennes,2000,https://imdb.com/title/tt0245712/,Thriller,Alejandro G. Iñárritu,"['Emilio Echevarría', 'Gael García Bernal', 'Goya Toledo', 'Álvaro Guerrero', 'Vanessa Bauche', 'Jorge Salinas', 'Marco Pérez', 'Rodrigo Murray', 'Humberto Busto', 'Gerardo Campbell', 'Rosa María Bianchi', 'Dunia Saldívar', 'Adriana Barraza', 'José Sefami', 'Lourdes Echevarría', 'Laura Almela', 'Ricardo Dalmacci', 'Gustavo Sánchez Parra']"
Pirates des Caraïbes : La malédiction du Black Pearl,2003,https://imdb.com/title/tt0325980/,Fantasy,Gore Verbinski,"['Johnny Depp', 'Geoffrey Rush', 'Orlando Bloom', 'Keira Knightley', 'Jack Davenport', 'Jonathan Pryce', 'Lee Arenberg', 'Mackenzie Crook', ""Damian O'Hare"", 'Giles New', 'Angus Barnett', 'David Bailie', 'Michael Berry Jr.', 'Isaac C. Singleton Jr.', 'Kevin McNally', 'Treva Etienne', 'Zoe Saldana', 'Guy Siner']"
La Haine,1995,https://imdb.com/title/tt0113247/,Drama,Mathieu Kassovitz,"['Vincent Cassel', 'Hubert Koundé', 'Saïd Taghmaoui', 'Abdel Ahmed Ghili', 'Solo', 'Joseph Momo', 'Héloïse Rauth', 'Rywka Wajsbrot', 'Olga Abrego', 'Laurent Labasse', 'Choukri Gabteni', 'Nabil Ben Mhamed', 'Benoît Magimel', 'Médard Niang', 'Arash Mansour', 'Abdel-Moulah Boujdouni', 'Mathilde Vitry', 'Christian Moro']"
Les Quatre Cents Coups,1959,https://imdb.com/title/tt0053198/,Drama,François Truffaut,"['Jean-Pierre Léaud', 'Albert Rémy', 'Claire Maurier', 'Guy Decomble', 'Georges Flamant', 'Patrick Auffay', 'Daniel Couturier', 'François Nocher', 'Richard Kanayan', 'Renaud Fontanarosa', 'Michel Girard', 'Serge Moati', 'Bernard Abbou', 'Jean-François Bergouignan', 'Michel Lesignor', 'Luc Andrieux', 'Robert Beauvais', 'Bouchon']"
Persona,1966,https://imdb.com/title/tt0060827/,Thriller,Ingmar Bergman,"['Bibi Andersson', 'Liv Ullmann', 'Margaretha Krook', 'Gunnar Björnstrand', 'Jörgen Lindström']"
Mon père et mon fils,2005,https://imdb.com/title/tt0476735/,Family,Cagan Irmak,"['Çetin Tekindor', 'Fikret Kuskan', 'Hümeyra', 'Ege Tanman', 'Serif Sezer', 'Yetkin Dikinciler', 'Binnur Kaya', 'Mahmut Gökgöz', 'Nergis Çorakçi', 'Bilge Sen', 'Tuba Büyüküstün', 'Özge Özberk', 'Erdal Tosun', 'Halit Ergenç', 'Tugyan Akay Kavukçu', 'Ege Kaya', 'Muzaffer Demirel', 'Burak Akçakaya']"
Monty Python : La Vie de Brian,1979,https://imdb.com/title/tt0079470/,Comedy,Terry Jones,"['Graham Chapman', 'John Cleese', 'Michael Palin', 'Terry Gilliam', 'Eric Idle', 'Terry Jones', 'Terence Bayler', 'Carol Cleveland', 'Kenneth Colley', 'Neil Innes', 'Charles McKeown', 'John Young', 'Gwen Taylor', 'Sue Jones-Davies', 'Peter Brett', 'John Case', 'Chris Langham', 'Andrew MacLachlan']"
New York - Miami,1934,https://imdb.com/title/tt0025316/,Romance,Frank Capra,"['Clark Gable', 'Claudette Colbert', 'Walter Connolly', 'Roscoe Karns', 'Jameson Thomas', 'Alan Hale', 'Arthur Hoyt', 'Blanche Friderici', 'Charles C. Wilson', 'Ernie Adams', 'Jessie Arnold', 'Irving Bacon', 'William Bailey', 'William Begg', 'William A. Boardway', 'Ward Bond', 'Harry C. Bradley', 'George P. Breakston']"
La mélodie du bonheur,1965,https://imdb.com/title/tt0059742/,Family,Robert Wise,"['Julie Andrews', 'Christopher Plummer', 'Eleanor Parker', 'Richard Haydn', 'Peggy Wood', 'Charmian Carr', 'Heather Menzies-Urich', 'Nicholas Hammond', 'Duane Chase', 'Angela Cartwright', 'Debbie Turner', 'Kym Karath', 'Anna Lee', 'Portia Nelson', 'Ben Wright', 'Daniel Truhitte', 'Norma Varden', 'Gilchrist Stuart']"
Dersou Ouzala,1975,https://imdb.com/title/tt0071411/,Drama,Akira Kurosawa,"['Maksim Munzuk', 'Yuriy Solomin', 'Mikhail Bychkov', 'Vladimir Khrulyov', 'V. Lastochkin', 'Stanislav Marin', 'Igor Sykhra', 'Vladimir Sergiyakov', 'Yanis Yakobsons', 'Vladimir Khlestov', 'G. Polunin', 'V. Koldin', 'M. Tetov', 'S. Sinyavskiy', 'Vladimir Sverba', 'V. Ignatov', 'Vladimir Kremena', 'Aleksandr Pyatkov']"
Mademoiselle,2016,https://imdb.com/title/tt4016934/,Thriller,Park Chan-wook,"['Kim Min-hee', 'Ha Jung-woo', 'Cho Jin-woong', 'Moon So-ri', 'Kim Tae-ri', 'Yong-nyeo Lee', 'Min-chae Yoo', 'Dong-hwi Lee', 'Kim Hae-sook', 'Kyu-jung Lee', 'Si-eun Kim', 'Si-yeon Ha', 'Rina Takagi', 'Geun-hee Won', 'Jong-Dae Kim', 'Han-sun Jang', 'Eun-yeong Kim', 'Ri-woo Kim']"
Jai Bhim,2021,https://imdb.com/title/tt15097216/,Mystery,T.J. Gnanavel,"['Suriya', 'Lijo Mol Jose', 'Manikandan K.', 'Rajisha Vijayan', 'Prakash Raj', 'Rao Ramesh', 'Guru Somasundaram', 'M.S. Bhaskar', 'V. Jayaprakash', 'Sibi Thomas', 'Ilavarasu', 'Jayarao', 'Sujatha Sivakumar', 'Ravi Venkatraman', 'Tamizh', 'Kumaravel', 'Supergood Subramani', 'Bala Hasan']"
Aladdin,1992,https://imdb.com/title/tt0103639/,Comedy,Ron ClementsJohn Musker,"['Scott Weinger', 'Robin Williams', 'Linda Larkin', 'Jonathan Freeman', 'Frank Welker', 'Gilbert Gottfried', 'Douglas Seale', 'Charlie Adler', 'Jack Angel', 'Corey Burton', 'Philip L. Clarke', 'Jim Cummings', 'Jennifer Darling', 'Debi Derryberry', 'Bruce Gooch', 'Jerry Houser', 'Vera Lockwood', 'Sherry Lynn']"
Gandhi,1982,https://imdb.com/title/tt0083987/,Drama,Richard Attenborough,"['Ben Kingsley', 'John Gielgud', 'Rohini Hattangadi', 'Roshan Seth', 'Candice Bergen', 'Edward Fox', 'Trevor Howard', 'John Mills', 'Martin Sheen', 'Ian Charleson', 'Günther Maria Halmer', 'Athol Fugard', 'Saeed Jaffrey', 'Geraldine James', 'Alyque Padamsee', 'Amrish Puri', 'Ian Bannen', 'Michael Bryant']"
La couleur des sentiments,2011,https://imdb.com/title/tt1454029/,Drama,Tate Taylor,"['Emma Stone', 'Viola Davis', 'Octavia Spencer', 'Bryce Dallas Howard', 'Jessica Chastain', ""Ahna O'Reilly"", 'Allison Janney', 'Anna Camp', 'Eleanor Henry', 'Emma Henry', 'Christopher Lowell', 'Cicely Tyson', 'Mike Vogel', 'Sissy Spacek', 'Brian Kerwin', 'Wes Chatham', 'Aunjanue Ellis', 'Ted Welch']"
La Belle et la Bête,1991,https://imdb.com/title/tt0101414/,Fantasy,Gary TrousdaleKirk Wise,"[""Paige O'Hara"", 'Robby Benson', 'Jesse Corti', 'Rex Everhart', 'Angela Lansbury', 'Jerry Orbach', 'Bradley Pierce', 'David Ogden Stiers', 'Richard White', 'Jo Anne Worley', 'Mary Kay Bergman', 'Brian Cummings', 'Alvin Epstein', 'Tony Jay', 'Alec Murphy', 'Kimmy Robertson', 'Hal Smith', 'Kath Soucie']"
